Time,dkaiA148L156A_1a_1,dkaiA148L156A_1a_2,dkaiA148L156A_1a_3,dkaiA148L156A_1b_4,dkaiA148L156A_1b_5,dkaiA148L156A_1b_6,dkaiA148L156A_1b_7,dkaiA148L156A_2a_1,dkaiA148L156A_2a_2,dkaiA148L156A_2a_3,dkaiA148L156A_2b_4,dkaiA148L156A_2b_5,dkaiA148L156A_2b_6,dkaiA148L156A_3a_1,dkaiA148L156A_3a_2,dkaiA148L156A_3a_3,dkaiA148L156A_3b_4,dkaiA148L156A_3b_5,dkaiA148L156A_3b_6,dkaiACTRL_1a_1,dkaiACTRL_1a_2,dkaiACTRL_1a_3,dkaiACTRL_1b_4,dkaiACTRL_1b_5,dkaiACTRL_1b_6,dkaiACTRL_1b_7,dkaiACTRL_2a_1,dkaiACTRL_2a_2,dkaiACTRL_2a_3,dkaiACTRL_2b_4,dkaiACTRL_2b_5,dkaiACTRL_2b_6,dkaiACTRL_2b_7,dkaiACTRL_3a_1,dkaiACTRL_3a_2,dkaiACTRL_3a_3,dkaiACTRL_3b_4,dkaiACTRL_3b_5,dkaiACTRL_3b_6,dkaiAWT_1a_1,dkaiAWT_1a_2,dkaiAWT_1a_3,dkaiAWT_1b_4,dkaiAWT_1b_5,dkaiAWT_1b_6,dkaiAWT_1b_7,dkaiAWT_2a_1,dkaiAWT_2a_2,dkaiAWT_2a_3,dkaiAWT_2b_4,dkaiAWT_2b_5,dkaiAWT_2b_6,dkaiAWT_3a_1,dkaiAWT_3a_2,dkaiAWT_3a_3,dkaiAWT_3b_4,dkaiAWT_3b_5,dkaiAWT_3b_6,kaiA_1a_1,kaiA_1a_2,kaiA_1a_3,kaiA_1b_4,kaiA_1b_5,kaiA_1b_6,kaiA_1b_7,kaiA_2a_1,kaiA_2a_2,kaiA_2a_3,kaiA_2b_4,kaiA_2b_5,kaiA_2b_6,kaiA_3a_1,kaiA_3a_2,kaiA_3a_3,kaiA_3b_4,kaiA_3b_5,kaiA_3b_6,kaiA148L156A_1a_1,kaiA148L156A_1a_2,kaiA148L156A_1a_3,kaiA148L156A_1b_4,kaiA148L156A_1b_5,kaiA148L156A_1b_6,kaiA148L156A_1b_7,kaiA148L156A_2a_1,kaiA148L156A_2a_2,kaiA148L156A_2a_3,kaiA148L156A_2b_4,kaiA148L156A_2b_5,kaiA148L156A_2b_6,kaiA148L156A_3a_1,kaiA148L156A_3a_2,kaiA148L156A_3a_3,kaiA148L156A_3b_4,kaiA148L156A_3b_5,kaiA148L156A_3b_6
6.284166667,7700,7160,11769,8032,13786,12723,11143,13135,13541,9907,11007,8967,12576,9390,8106,9602,8052,10211,12498,1104,1282,1897,2094,2623,3793,3511,1262,1679,945,1747,1881,2876,2939,998,820,3119,1851,1086,2108,6405,6994,5401,8780,8051,12741,10244,11336,7003,8267,13433,11062,9266,12977,8589,11967,10846,9090,10314,2737,4040,3010,6239,5244,4453,7227,4227,3706,4188,4848,5486,8829,3482,4936,6035,4858,5671,6004,10091,9723,13088,74,18612,10740,13924,8055,6987,7757,6966,5626,10053,11051,6879,8355,8614,12889,17253
8.284166667,12731,11637,17969,14741,21547,16418,18524,20624,20502,13630,20074,12932,20120,16213,12550,18057,13757,16909,20252,1541,1958,2895,3302,3972,6475,5739,2018,2732,1531,2823,3204,4055,4710,1938,1317,5567,2511,1955,3532,11537,13419,9756,17751,15550,21139,18864,20942,12861,14996,25588,17081,17856,24434,16779,26713,21507,17125,17814,7161,13828,5932,14127,12830,10007,18163,10470,9664,9660,11866,12896,20086,10983,13043,10616,13394,14649,11647,13137,14030,14392,78,23872,14025,18784,10908,8566,10361,9912,6881,12191,16234,10006,10717,12378,18115,19495
10.28416667,15234,14893,22107,19143,25462,16972,24391,23863,24211,15369,25628,16276,25285,20294,16019,24127,18329,22548,23933,2200,2785,3820,4420,5505,8213,7990,2734,3786,2239,3532,4334,4933,6063,2291,1755,6967,2840,2626,4555,14990,18984,12102,24895,21740,27688,26663,27683,17806,19738,34405,18813,24890,31343,22796,38031,28202,23518,22969,11982,24498,9033,21364,21839,18156,26650,17621,16875,15912,19536,22413,30333,19773,23833,13140,23195,25177,17202,15568,16850,14240,56,26449,16384,22997,12992,9046,12498,12517,7491,14555,19446,12945,11458,15725,22388,19862
12.28416667,21676,25967,27535,29556,27928,22701,29326,35196,30687,28745,31176,23439,32287,26874,23436,32200,24243,29671,29075,6408,7372,9130,10235,9622,12102,11808,9543,10402,7739,8348,9446,7408,10302,5794,4421,9377,5630,5045,6126,29339,32888,24475,35319,32730,36426,35296,42257,31842,32997,39217,28712,37840,37050,34565,43033,35650,33660,34964,27676,33359,19062,27683,30837,27741,30646,32294,29586,30406,28817,30833,35311,30266,31658,26398,31265,33826,27844,22633,21611,18098,130,25904,19030,23083,19198,14354,18209,18383,13633,18469,19995,19796,18975,18986,23269,20180
14.28416667,15229,17560,19234,21133,20497,15061,21437,21967,23423,19311,26880,16203,24086,19968,16518,23762,19340,21843,20788,3072,4177,4775,5156,5192,6761,6101,5216,5798,4231,5804,5272,4372,5805,3283,2473,6227,3065,2808,3637,20626,24374,18233,27791,26055,27080,27420,30037,23278,25487,31766,20620,30235,26552,26542,34664,27152,27374,26754,19956,26578,13306,28973,25789,24751,24781,23789,22491,23993,24276,24466,27302,25896,24274,20510,27603,27855,20322,14996,13894,12208,116,17619,12879,16791,13208,9717,12660,15356,9222,13414,14833,13696,13500,15926,16453,13703
16.28416667,11366,12847,15034,16143,15319,12116,16393,13479,17961,13305,21949,10921,17705,14983,12483,18073,16316,16841,16551,2533,3148,3836,4110,4208,5426,5063,4311,4557,3541,4555,4100,3223,4824,2624,2055,5050,2513,2364,2943,17085,19013,15062,22298,21201,22122,22528,23047,19212,20570,26333,16864,24326,21409,21076,27494,21277,21911,21961,15006,21108,10200,24448,19939,20102,19989,18719,17550,17699,20173,19642,20855,20728,17285,16354,21692,22613,15765,11241,9621,9514,70,13047,9806,12271,10540,8360,10077,12960,7806,10697,10174,10005,10326,12255,11655,10389
18.28416667,8563,9280,11234,12308,10333,9505,12220,9110,12803,9566,16740,8281,12434,10984,9303,13625,12875,12894,12983,1959,2487,3228,3442,3285,4464,4192,3322,3642,2920,3508,3283,2217,4080,2198,1678,3707,2000,1949,2472,13455,14150,12823,17385,16701,17231,17747,16552,15919,16063,19879,14574,19694,17831,16527,20286,16824,17688,17995,11084,15136,8058,19395,15316,15667,15079,14402,13880,12528,16401,14621,14881,15456,11672,12817,15450,16955,12774,7971,7173,6964,70,9495,7414,8734,8728,6679,7903,10699,6099,8718,7372,7748,7568,9151,8588,7635
20.28416667,6332,7112,8541,9477,7593,7267,8897,6841,9349,7242,11808,6518,9196,8402,7157,10193,9801,9651,9947,1595,2021,2532,2879,2658,3774,3546,2824,2947,2229,2721,2568,1758,3342,1772,1506,3027,1562,1656,2063,10908,10884,10076,14251,13428,13903,14656,12816,12850,13539,15504,11324,15774,14634,13467,15216,14115,14762,15637,8445,10349,6366,13882,11695,12065,10736,10550,10255,9356,12571,10909,9964,11210,7947,9345,10793,12558,9885,6045,5539,5557,41,7318,5730,6616,6799,5599,6189,8769,5147,6829,5318,5851,6003,7147,6361,6039
22.28416667,4887,5473,6729,7704,6066,5987,6677,5848,7442,5542,8132,5671,7413,6622,5561,8322,7923,7713,7947,1363,1536,2263,2260,2008,3091,2980,2114,2561,1855,2168,2133,1285,2775,1531,1190,2386,1398,1380,1808,8407,8540,7659,11628,10696,11106,11464,9922,10282,10815,11854,9219,13080,11842,10472,11745,11465,12112,12314,6339,7405,4862,10054,9293,9443,7345,8303,8144,7181,10036,8081,7133,8045,6204,7353,7522,9350,7655,5166,4686,4605,65,6032,4695,5163,5472,4594,5222,7391,4539,5969,4190,4885,4451,5667,5499,4787
24.28416667,2420,3535,5484,5770,6433,5907,6568,3533,6789,3761,6397,4683,7431,3972,3910,6392,5636,8001,7811,1444,1453,2644,2494,2428,4724,4469,1586,1969,1204,1493,2294,1738,3211,1303,910,2720,1746,1476,2500,3675,6119,5380,11126,10970,12279,12485,5334,6067,9364,12205,8072,14625,8820,8246,12669,11707,12258,13148,2457,5041,3226,12289,8423,9032,9335,4181,5809,6103,7786,8209,7401,5978,5407,5235,8582,9754,6853,3095,4318,3827,49,6956,5162,6076,3317,2887,4000,4801,4082,4622,3447,3851,3911,4971,6643,6440
26.30388889,2530,2623,3726,3103,4224,3161,4496,2618,4262,2975,6254,3373,4443,3379,2533,3544,3750,4376,4727,502,576,1134,1023,1349,2468,2574,593,1049,630,1206,1279,1203,2365,544,455,1374,821,836,1503,3486,3688,2645,5716,5181,6934,6655,4227,3999,3746,6155,3602,6014,6678,3692,5810,5854,5171,6133,1516,2592,1923,3088,3489,4638,4021,2402,2610,2625,3106,3510,4210,2916,2663,2027,3889,4269,3599,2369,3217,2697,35,5783,4304,4514,2353,2287,2336,3192,2846,3738,4201,2566,3022,4062,4992,4886
28.30388889,6218,7108,9325,8833,11674,5958,11519,8325,10768,9090,15062,8385,13341,8336,6999,12753,10128,11550,9889,588,799,1448,1316,1423,3416,3008,610,1480,751,1345,1488,1232,2685,575,490,1861,794,852,1665,4464,6153,4109,8396,7113,9966,8558,6913,5902,5582,10172,4337,9932,10189,5564,11159,8712,6767,7874,1866,3704,1745,2773,4354,5113,5166,2541,2631,3504,3456,4657,6209,3766,3653,2023,4804,5628,3285,4366,8169,4232,38,13852,7791,11517,4389,4017,4802,6478,5141,8345,10153,6020,7223,8721,10309,8581
30.30388889,12379,18695,20865,22219,21995,11025,22827,17557,21578,19256,25018,16972,29025,20209,17894,26512,20490,24754,21419,840,1527,2114,2062,2583,4371,4739,877,2115,1293,1540,2553,1454,3761,882,690,3813,816,1381,2780,8323,15517,9307,19448,16989,18890,19400,17226,14837,15213,19038,8079,20331,18908,15612,22196,18132,17800,18505,5610,9992,4194,5797,10665,11288,11481,6982,7164,9091,7842,11301,13056,9580,9286,4844,11102,11800,7414,8578,15669,6072,47,23915,11492,18904,8635,6457,10611,11089,8936,13813,16571,13123,13932,12839,15551,13143
32.30388889,15122,27184,29461,30782,26946,13986,30560,22653,26537,23471,27622,21974,37501,28858,23704,32002,24792,31507,28189,1298,2263,3591,3301,3967,5205,5602,1267,2648,2081,1669,3452,1750,4371,1460,1253,5543,1065,2466,3566,12566,26205,15053,32715,28360,28021,29067,25585,23187,24063,27402,12352,30665,28434,24780,32005,32531,28345,27811,13028,19644,10432,11374,21030,21223,21021,15345,17669,18389,15748,20933,23857,18438,17948,10295,20392,22164,16049,12074,23779,7524,105,30087,15001,23385,12544,8534,15309,13717,13411,16471,18586,18935,17876,13790,22160,16321
34.30388889,15034,28366,33271,32292,25576,15215,32914,21587,26649,21849,25489,28622,37541,30103,23137,30440,23365,32164,31905,1958,3168,4285,4645,4521,5389,6024,1486,2726,2877,1642,4078,1948,4669,1857,1724,6089,1382,3135,3689,13560,31997,18952,43790,36877,36785,37636,30378,28299,30463,30789,14286,38041,34785,30195,36666,42866,35748,35189,18537,26123,15675,16375,29564,29804,28919,21862,26589,25278,22033,29042,33104,25394,23995,15713,27992,31500,23448,14113,25869,8936,92,31421,19725,24405,14689,10312,15991,13798,18541,16550,16205,19520,17566,12509,26172,19058
36.30388889,20526,30211,27790,30424,23599,19098,28810,31273,26236,28876,33025,24064,31708,28573,23899,30562,25292,29519,30881,3821,6403,7096,8098,6533,7092,7497,6507,7139,7681,5379,7158,3306,7081,3718,3458,7585,2939,3655,3364,26915,38864,30022,42962,39749,44679,41648,42856,38701,39768,38909,23629,43275,34498,36545,42839,39957,38371,39893,31947,36769,23667,25195,36514,36175,32941,34196,33958,38466,33228,32845,38759,39070,31169,25626,35976,37773,31334,21565,27789,14234,101,24444,21948,21824,18391,14876,17107,17088,18888,16225,18059,20720,20523,16682,25877,17271
38.30388889,14091,21104,18725,22364,18390,12464,21164,16793,17736,22201,29609,18079,22040,20578,18634,23017,21210,22055,20935,1864,3345,3607,4080,3440,3807,3798,3242,3949,3984,3778,3912,1664,3909,2062,1859,6214,1485,2143,2084,19503,34675,25153,36995,34923,34446,36564,33920,31706,36865,38329,18267,40026,28057,33534,40569,33838,35175,35306,26410,33838,18514,34785,32191,33549,31966,27159,29483,35817,29566,30591,33035,35857,26659,21451,39368,33953,24833,13826,17953,9173,108,17417,15364,16567,12713,10790,14335,15203,14769,14922,15668,15253,17217,16676,17529,12011
40.30388889,9827,14309,12858,16342,13096,8634,15605,10527,12143,15865,23412,12146,16125,15137,13323,17601,17098,16786,15269,1405,2659,2825,3464,3064,2952,3108,2621,3225,3309,2924,3157,1309,3259,1804,1659,4401,1232,1843,1751,13516,25315,19586,27621,26517,25585,27710,22669,24117,26878,29226,13495,29560,20958,23782,29894,25220,26093,27311,18372,24435,13373,27196,24170,26155,23740,19046,20707,25881,23537,22050,23151,27279,18400,15857,28784,25324,17984,9258,11659,6472,102,12535,10414,12561,9486,8379,11175,13497,11706,12322,11564,11270,12816,13175,11570,7681
42.30388889,7347,10186,9049,12496,10015,6398,11383,7412,8314,12135,18232,8316,12135,11026,9852,13809,13293,12844,11127,1204,2022,2331,2714,2329,2555,2496,2176,2512,2661,2420,2575,1062,2622,1286,1345,3339,1004,1704,1328,9230,16471,14618,19247,18092,17819,19158,15170,17403,20663,23656,9939,23435,14726,17119,24496,17186,19035,20211,13532,19108,9501,22063,18875,21361,18029,14157,14546,19632,18836,17254,17790,21466,13586,12220,22374,20057,12585,6538,8439,4440,66,9187,7195,9450,7331,6422,9278,11263,9861,10161,9004,8552,9529,10563,8360,5103
44.30388889,5810,7754,6676,10141,8162,4836,8435,5624,5979,9080,15096,6006,9536,8228,7823,11001,10549,10060,8571,1062,1612,1774,2150,1820,2024,1950,1588,2028,2158,1933,1951,944,2181,1090,1018,2493,845,1330,1193,6676,11627,10112,13977,13721,11726,13953,11898,12902,16294,19452,7689,19502,10001,13739,20382,12238,15031,16034,10158,14807,7246,17772,15348,16801,13909,10202,11044,15340,14889,13121,14218,17059,10598,9472,17385,16093,9297,4824,6372,3580,46,7748,5136,7720,5829,5150,7410,9434,8155,8436,7246,6494,7526,8780,6291,3611
46.30388889,5109,6618,5281,7920,6999,4028,6617,4953,4852,7484,13265,4576,8214,6543,6707,8913,8132,8387,6686,845,1148,2101,1757,1321,1673,1799,2092,1621,1892,1871,1496,774,1681,899,824,2053,726,1096,1036,5458,11037,7636,11019,10828,8289,11267,9763,10570,13285,16702,6015,16396,7488,11091,17346,9391,12326,13041,8597,13044,5737,15484,12969,14349,11307,8405,9216,13227,12197,10828,12018,14646,9226,8207,14637,13234,7234,4143,5619,2874,37,6177,3937,6332,4909,4305,6131,8092,7065,7133,6166,5509,5812,7783,5199,2858
48.32444444,5841,6074,6566,7645,9578,4818,7550,2872,6891,6006,10785,5169,8417,6367,6563,8885,7424,8942,7055,1345,771,1999,1737,1405,2365,2403,640,1191,1160,796,1551,1130,1858,598,646,2492,987,1153,1363,4616,12003,10547,16415,15352,11974,15341,10368,11824,15727,15273,6007,17149,11868,12764,19039,14581,15769,15640,5949,10295,5529,14054,12030,13940,12078,6553,10734,12784,10387,11690,14297,10186,11078,11393,14416,14246,9066,2624,5355,3001,57,7838,4807,7532,2888,3436,4674,4859,5927,5572,6811,4813,5339,7059,6089,3997
50.32444444,3205,3181,4319,3453,3945,3944,4315,1880,4958,2129,3593,4516,4312,3472,2940,3756,2776,4025,4588,605,537,1069,799,799,1679,1446,345,728,629,561,1057,747,1324,337,416,1192,662,710,1045,2466,3705,4296,5862,5437,6861,6936,3564,4071,4182,4162,2947,5628,6256,3472,4877,6027,5300,6099,1925,2300,1816,2390,3323,4077,3951,1850,2443,2403,2691,3460,4728,2274,2334,3011,3234,3863,3698,1628,2895,2594,31,4442,4296,4244,1815,2591,1795,2073,3151,2415,2806,2050,2530,2421,4193,3977
52.32444444,8725,8972,11003,9520,8407,10401,11675,4917,13776,5795,8932,12633,12508,9572,7301,10199,6477,10101,11040,774,639,1249,1086,1079,1733,1759,359,959,819,492,1185,942,1462,410,492,1813,827,871,1186,4353,5748,7020,9003,8252,11571,10258,6126,5776,6060,5720,4242,8229,10046,5870,6923,9137,7850,8558,2253,3005,2427,2065,3779,4091,3304,2064,3113,2642,2641,3704,4971,2743,2586,3207,3102,4333,4443,2981,6315,4548,53,8901,8824,7403,3045,5381,3419,3788,5603,4115,4531,4106,4543,3665,8281,8078
54.32444444,15421,17318,19947,18945,15117,18852,22574,8267,23253,11898,17215,22452,24774,18845,12757,20627,13485,19727,19957,1183,999,1841,1700,1500,2822,2537,537,1236,1290,728,1634,1211,2081,486,755,3681,1023,1114,1416,9849,12301,15005,19305,17080,20721,19181,15986,12630,13383,12056,8440,17015,20670,13279,16508,19260,16293,16668,5711,8497,7562,4424,9803,10114,7389,5565,8379,6756,6322,9212,11772,7644,7045,8288,7603,10901,9635,4516,11269,7173,44,13878,13059,11460,4578,8435,5895,7230,8780,6644,6723,7761,7001,5103,14486,11818
56.32444444,17945,20328,23362,23385,17844,23563,30301,9445,25800,13690,18549,26365,30819,22037,13904,24231,16103,25717,25799,1571,1287,2556,2637,2455,3715,3705,813,1922,1815,867,1987,1671,2957,635,1055,5388,1258,1597,1890,15560,18151,21895,29327,26482,32029,30981,24325,17301,22093,18349,12514,27308,29275,20565,24330,27974,25917,27228,10785,16942,15267,9143,20041,19379,15021,10665,17379,13739,14320,18526,23765,15734,14023,17285,14513,21791,18218,5488,15232,8569,51,19099,15586,14254,5928,10900,7491,10007,10997,8275,7984,10493,8309,5909,19139,14368
58.32444444,17312,18610,22534,22668,16784,23722,30835,9377,24139,12340,15585,28220,29887,21948,13056,21771,14974,25499,27560,1897,1643,3441,3485,3056,4791,4863,1024,2291,2432,1017,2541,2109,3868,815,1440,6582,1443,1944,2370,17491,20015,25970,35963,32996,39842,39760,29045,18872,26146,20054,15242,34848,32912,24485,26401,34805,31386,34036,13557,21953,20206,12160,29002,26830,21317,14539,23330,18923,20208,25310,34172,21128,18697,22174,19334,32094,26040,5864,17440,9106,63,22071,18465,15089,6933,11486,7762,10536,12850,8317,7997,12669,8176,5375,22386,16490
60.32444444,18658,28679,25409,30149,21397,22028,30609,20930,27522,26416,30021,26906,33583,28672,20236,30386,23841,30889,29772,4626,2338,6939,7282,7088,8579,8438,4756,8315,7080,5778,6722,3664,8036,2602,3087,8436,2164,2896,2853,24772,33465,37050,45214,41026,44575,43643,43852,33127,38624,36275,22110,44071,32305,35802,39754,41357,40192,39630,28311,36695,28118,21278,37599,37152,29052,26502,34843,34471,35310,32320,41836,39690,30352,29712,31008,39593,32440,9833,25489,10485,91,23941,18464,19788,9849,15018,13945,16860,15400,13416,15843,20050,16185,13481,23830,14168
62.32444444,12348,22641,18821,25122,19191,15560,24772,10299,20037,23992,32447,17700,26760,22671,19214,27862,24095,25888,22868,2114,1845,3522,3584,4129,4479,4357,2493,4719,3781,4792,3878,1820,4773,1286,1604,8028,1059,1662,1494,19598,38824,34494,41761,39257,38715,42300,36767,34371,45138,45542,17011,44757,29914,37917,49562,37167,39492,39687,28007,41998,22019,38110,37431,38388,33192,21970,31901,44772,35872,35947,38096,42544,31227,27054,46155,40844,26637,6163,18024,7012,111,20182,12863,19400,6830,11632,14209,17897,12697,15202,16692,16225,15960,17301,17471,10209
64.32444444,8188,17145,14369,20432,14833,11113,19605,6700,14425,17698,26042,12338,19977,17268,14893,23047,20447,21284,18102,1657,1607,2690,2845,3165,3752,3554,1931,3857,2811,3691,3189,1507,3749,1070,1356,5571,913,1393,1300,12607,28118,26398,31654,30670,28559,31717,25142,26181,35553,36874,11958,35549,22933,27940,40952,28279,30813,31724,20203,32750,14960,32187,28834,31476,25289,15640,24328,34688,28802,27199,28651,34038,22087,21147,36906,32409,18884,4108,12866,4820,101,15509,9122,15137,5110,9458,11506,16251,10415,12447,12412,12171,12373,14030,13164,6891
66.32444444,6109,13297,10720,15910,11579,8531,14944,5183,10438,14047,20549,9423,15301,13082,11639,18094,15544,16398,14202,1281,1176,2175,2231,2421,2884,2758,1515,3128,2373,3018,2512,1309,2940,942,1110,4245,713,1263,1124,9020,22185,21967,27119,25230,24201,26540,19481,21458,29723,31857,9273,31060,17871,22079,34663,23571,25726,27728,15352,26522,10552,26959,23659,25626,20263,11215,18534,28027,24167,21376,22750,27976,16671,17226,29911,27038,14367,2940,10162,3722,43,11971,7011,11686,4009,7587,9002,13260,8345,10552,9803,9642,9650,11536,10422,5253
68.32444444,4780,10231,8585,12685,9660,6779,11574,4312,8017,10986,17422,7558,12567,10381,9412,14486,12030,13715,11306,1092,988,1792,1742,1824,2344,2277,1231,2360,1878,2245,1875,1069,2293,807,885,3551,624,974,901,6649,17845,17596,21982,20376,19439,21935,15583,17362,23945,26137,7454,25222,14542,17709,28986,18706,20889,22713,12304,21542,8414,22327,19293,20849,15766,8746,15081,22193,19714,16741,18369,22806,12997,13970,23862,21709,11167,2439,7818,3054,57,9940,5674,9786,3420,6095,6628,11154,6943,8496,7815,7555,7649,9538,8537,4283
70.32444444,3877,8841,7273,10833,8736,5265,9839,3741,6426,8740,15089,6591,10910,8072,7525,12059,9872,11747,9463,866,720,1468,1459,1417,2045,1902,1122,1818,1482,1770,1513,852,1853,632,681,2966,536,848,740,5464,14327,13467,17834,16266,16443,18499,12717,14425,19092,21502,6548,20622,11992,13480,24041,15708,16943,18934,10049,17630,6624,19510,15690,17938,13002,7859,12192,18163,16045,13291,15802,18529,10763,11730,19041,18473,9127,2081,6600,2479,37,8362,4660,7930,3056,4886,5428,9928,5925,7242,6620,6124,6002,7938,7424,3598
72.32444444,5179,5572,9465,7749,10575,6666,10310,2679,9667,6343,8767,7548,9191,5709,6478,9388,7301,10597,8824,1604,557,1277,1045,1067,1853,1504,1007,1025,964,751,1290,1150,1078,381,489,4338,682,746,857,6474,10656,9868,17116,15822,19533,18648,18822,11882,15215,12802,8380,15451,17648,11028,17828,17778,15091,15815,7248,10790,6950,14436,12861,15325,12635,12179,12420,13473,10293,13918,18155,9399,10824,13920,15810,17452,9540,3293,4801,2730,71,9996,4779,9562,4225,3808,4264,4840,4819,5636,6322,4653,4959,5856,7760,5718
74.32444444,2853,1920,3420,2449,2664,3640,4083,1634,4708,1614,2420,3073,3292,2090,2003,2972,2079,3662,3031,518,315,709,511,532,1041,929,455,542,449,519,790,705,800,255,293,1416,533,561,801,2685,2362,2453,4051,3891,5909,5681,5093,3499,3522,2778,3247,4570,6621,2648,4127,4893,3813,4706,1844,2608,1756,1914,3155,3622,2754,2948,2640,2538,1903,3348,5391,1945,2044,3471,2981,4086,3254,2606,1931,1984,30,4401,3098,3275,3346,1584,1374,1565,2322,1747,2034,1731,1847,1500,3353,4963
76.32444444,8120,5273,8531,6375,6014,8589,9942,5546,12862,4302,5438,9316,9282,6082,4603,7624,4663,8450,6733,854,459,1169,784,675,1348,1093,729,781,669,388,845,901,811,413,558,2046,714,837,1079,4737,3907,4746,7030,6656,9798,8965,8830,5768,4832,3561,5669,6558,10095,4370,5599,8566,6166,6842,2335,2963,2362,1804,3733,4332,2842,3748,3244,2393,1902,3549,5324,2378,2544,3642,2702,4211,3603,4762,4666,4006,22,8433,7105,5313,6150,3293,2380,3022,4944,3026,3775,3878,3402,2288,7513,9683
78.32444444,15685,10265,15799,13745,11272,16943,21548,11272,21898,8051,10790,19587,20260,12031,8524,14812,9571,17881,14186,1097,347,1882,1387,1050,2310,1769,888,1129,1066,476,1181,1310,1224,508,826,4324,918,1274,1603,9815,8315,12449,16444,14812,21284,18472,20520,13091,9986,7103,11445,13620,20965,9829,11682,18465,13727,14173,5816,7248,6649,3687,9348,9240,6217,9810,8826,5225,4039,7650,11599,5989,5821,8702,5374,9772,8123,7071,8842,6617,48,13883,13321,9028,9419,5785,4302,5773,9299,4993,5734,7242,5311,3642,14454,15191
80.32444444,17670,11249,17514,16075,12890,21395,26618,13937,24640,8999,10391,24272,23454,14100,9199,16013,10528,19997,17640,1515,427,2674,2178,1615,3245,2661,1255,1296,1551,651,1530,1708,1696,704,1119,6065,1142,1827,2156,13738,10532,18806,24426,21950,32494,28640,28775,18873,14785,9844,17215,20898,29481,13907,15639,25362,20698,22097,11009,12395,13564,6411,17245,16548,13030,17800,16059,9436,7490,13401,21140,10566,10264,17012,9035,18344,13589,8050,11814,8948,56,17377,16993,10801,10669,7649,5688,7232,11731,6203,6371,9525,5931,3911,18922,19244
82.32444444,17731,10567,17571,15729,12159,22406,25811,14607,23699,7882,8977,27032,22632,14687,8512,14418,9993,19063,19712,1792,648,3451,2855,2066,4263,3548,1533,1706,2174,841,1824,2046,2327,823,1558,7137,1365,2290,2641,15412,11517,23094,29552,26981,39848,36667,31751,21806,17429,11173,21307,26108,32761,16714,16541,30931,24857,26150,13876,15733,19983,7961,23710,21959,20687,21211,21125,11755,9925,18132,28553,14236,13291,21348,11094,24856,19200,8403,12969,10928,51,18870,18586,11526,10918,9061,5575,7788,13280,6176,6584,10142,5755,3710,20458,21418
84.32444444,14884,7959,14311,12338,8722,19634,19538,13378,19907,5747,6369,23519,17096,11778,6589,10235,7401,14511,16397,2149,759,3772,3890,2246,4551,4174,1621,1729,2568,865,1905,2326,2500,1012,1799,6976,1659,2681,3125,16545,10924,24707,31269,27110,41483,37243,32631,23049,16841,10744,23679,27398,33801,16906,15081,32299,25039,26425,15306,15677,25003,7733,25628,23489,24599,21883,22234,11783,10156,18994,30810,15203,13938,22164,10723,25327,22784,8059,11773,11809,55,16619,19655,10182,9881,9377,4183,6248,12304,5264,5668,9274,5034,3056,17280,21612
86.32444444,11244,5551,10580,9139,5635,15560,13375,9239,14931,4031,4317,17984,12209,8939,4486,6970,5272,10266,12271,2412,3621,3952,4296,2367,4949,4641,1809,1676,2810,853,2013,2625,2780,1126,1944,6959,1811,2907,3454,16939,10792,25035,31605,27045,42901,38642,32842,24006,15245,10124,25640,27787,33805,16751,14108,32257,25117,27305,15536,15564,27630,6876,25700,23577,26026,21203,22282,11334,9969,18436,29349,15351,13570,22593,10079,24942,24541,6648,9803,11560,45,14017,18883,8065,8360,8734,3143,5035,10967,4069,4520,8030,4075,2474,13807,19855
88.32444444,8325,4015,7848,6690,4041,11489,9693,6547,11240,2983,3204,13293,8804,6831,3035,5247,3822,7379,9850,2447,3721,3804,4448,2315,5094,4851,1771,1654,2954,940,2022,2617,2854,1487,1907,6783,1907,2989,3727,17361,10223,25436,32079,26870,46176,38865,32447,24820,15219,9628,26700,28587,34636,16496,13397,32505,20665,28190,12970,13158,25642,5151,23026,21094,22015,17862,19602,8807,8783,15295,26198,13944,10440,19665,8356,21789,23059,5869,8202,11296,35,11315,18214,6220,6632,7922,2467,3862,9329,3317,3859,6966,3299,1852,10909,17229
90.32444444,6333,2957,5561,4786,2857,8421,6879,4972,8778,2195,2368,10218,6383,5003,2249,3526,2750,5270,7595,2384,3183,3479,4732,2007,4824,4802,1830,1616,2948,790,1932,2512,2768,1436,1790,5747,1890,2926,3495,16281,7281,23266,28793,23192,43526,34956,28634,23140,12274,7738,24761,25302,33208,14025,10738,29319,21356,25604,9211,9036,17731,2540,15958,15128,14376,12800,13694,5629,6164,9914,17375,10103,6858,13861,5386,14465,17113,4865,6591,10706,32,8575,16773,4553,5434,6828,1794,3006,8030,2551,3174,5869,2621,1490,7727,14629
92.32444444,5470,2324,4597,3737,2281,6658,5362,4550,7461,1967,2041,8395,5154,3980,1749,2921,2194,4244,6337,2297,2628,3148,4436,1978,4480,4553,1666,1455,2915,701,1798,2299,2766,1596,1679,4523,1795,2852,3372,14423,6840,19035,23449,17619,36377,27432,23432,20309,8930,5485,21032,19677,29686,10358,7707,23977,17016,20371,5933,5388,11050,1827,10375,9903,8841,8261,8314,3214,3936,6064,11092,6421,4167,8554,3272,9204,11376,4563,5530,10355,23,7141,15531,3565,4879,5889,1436,2132,6785,2018,2613,4934,2225,1253,6214,12341
94.32444444,6030,2398,4628,3385,2240,6735,5226,4914,7915,1965,1785,8781,4931,3925,1639,2664,1973,4006,6153,2198,1955,2876,4316,1652,3938,4247,1594,1373,2704,656,1673,2330,2525,1472,1431,3446,1667,2443,3020,12365,4732,14043,17477,12611,27713,19577,17327,15717,6029,3684,17510,14166,25120,6898,5254,18047,12171,14456,3243,3276,6188,1075,6185,6218,5255,4783,4520,1883,2609,3612,6255,3944,2265,5357,2129,5499,7166,4432,4852,9732,36,5967,14087,3098,4663,5584,1265,1801,6297,1718,2281,4341,1984,1010,5143,10705
96.32444444,7792,2809,5606,3805,3034,7913,6092,6293,9875,2151,1905,10868,5695,4850,1916,2814,2208,4031,6940,2051,1655,2606,3742,1539,3577,3924,1606,1255,2515,533,1511,2136,2419,1449,1361,2543,1543,2366,2782,9793,3499,10211,12123,8931,20802,13883,12374,11796,4061,2617,13518,10034,20563,4869,3525,13143,8748,10178,1966,2025,3620,699,3532,3740,3174,2948,2495,1177,1740,2028,3780,2445,1299,3225,1352,3175,4502,4684,4600,9316,28,5644,12975,2899,4653,5632,1281,1763,6076,1686,2229,3976,2027,1036,4828,10229
98.32444444,10478,3560,7585,4637,3803,10532,7882,8908,12670,2604,2188,13132,6912,6161,2462,3530,2749,5065,8660,2180,1423,2305,3874,1482,3343,3512,1584,1039,2254,476,1520,1992,2242,1517,1262,2175,1474,2143,2529,8304,2742,7668,9178,6779,16059,10191,9595,9401,3038,1907,11232,7502,16754,3074,2806,9719,6378,7654,1863,1533,2654,569,2617,2786,2669,2227,2079,854,1407,1605,2636,1864,1053,2351,959,2246,3927,5342,4958,9094,20,5642,13058,2985,5122,5745,1365,1836,6023,1847,2212,3964,2142,1044,5129,10683
100.3244444,13397,4552,9756,5731,4912,13600,10259,11093,15444,3226,2418,15765,6938,7247,3063,4178,3357,5836,10246,2333,1437,2297,3533,1329,2969,3460,1607,1180,2315,427,1386,1981,1996,1446,1063,2184,1545,1973,2446,7872,3053,7589,8824,6265,15357,9005,10617,9833,3112,1854,10805,7133,15568,4010,2643,8612,6036,6869,3035,2080,4087,790,3578,3633,4567,3548,2672,1353,1819,1989,3503,2606,1704,3616,1395,3260,6026,4989,5535,9173,39,6210,11561,3353,5685,6173,1683,1847,6508,2025,2648,4282,2402,1323,5803,9868
102.3244444,15173,5139,11498,5821,5401,15627,12013,12464,16947,3519,2453,17236,8582,8177,3518,4378,3703,6136,11600,2233,1395,2140,3544,1159,2925,3259,1504,1118,2295,409,1266,1939,1919,1517,1072,2965,1463,1897,2281,10182,4506,9669,10354,7007,18178,10863,15901,14443,4116,2246,13783,8668,18459,5100,3395,9735,6852,7919,6690,3984,8405,1537,6201,6005,10695,8002,6110,2335,3171,3760,6203,4653,3276,7338,2316,5275,15866,6589,6016,9817,11,7055,14236,4023,6388,6808,2125,2158,7372,2546,3913,4554,3061,1726,6608,13066
104.3244444,15866,5100,12002,5931,5343,16436,12781,12680,17123,3431,2543,17095,8163,8433,3411,4395,3753,6054,12005,2360,1401,2057,3457,1181,2767,3157,1573,1073,2212,442,1320,2005,1870,1468,924,3437,1451,1745,2188,13528,6298,12189,13065,8832,23884,13466,22477,20784,5301,2870,18604,10720,23251,6693,4416,11938,7086,10031,11336,6221,15547,2224,9441,8808,21157,13699,8897,3798,5351,5986,10216,6667,5265,12582,3385,7851,32226,7630,6619,10317,19,7821,15460,4626,7401,7507,2306,2337,7783,3068,5005,4825,3573,1986,7288,14853
106.3244444,14619,4903,11357,5132,4735,15497,11440,11606,16095,2937,2157,15631,6974,7867,3086,3692,3316,5440,10845,2336,1427,2092,3406,1139,2533,3110,1654,1164,2050,351,1227,1888,1948,1524,963,5053,1461,1842,2148,15967,7184,13968,14646,9684,27488,14925,26181,24153,6013,3315,21908,12064,26475,7645,4365,13169,9251,10744,14675,7724,21759,2736,11276,10679,28238,16692,10752,4655,6919,7421,12728,8007,6778,15564,4146,9386,40640,8441,6560,10423,36,7618,16265,4853,8443,7793,2468,2414,8048,3398,5496,5007,3807,2119,7385,16018
108.3244444,13371,4486,10142,4498,4069,13972,9838,10438,14363,2689,1764,13190,5862,7227,2648,3068,2832,4450,10305,2381,1485,1951,3369,1131,2520,3099,1578,1151,2267,428,1297,1741,1870,1557,861,5458,1447,1671,2072,17307,6788,14923,15704,10204,31505,15953,28088,25429,6465,3551,24696,13273,27968,8288,5235,14304,9900,11786,16220,8663,26608,2992,12556,11776,33047,18244,12300,5010,7801,8410,14717,8892,7530,16654,4552,10354,44644,8793,6213,10538,30,7843,17055,4845,8904,8006,2239,2300,8154,3482,5888,4709,4197,2134,7168,17355
110.3244444,11499,3925,8507,3603,3386,11883,8444,8547,12639,2330,1395,10804,4831,6340,2189,2515,2452,3672,8594,2469,1563,1795,3120,964,2390,2992,1619,1100,2170,378,1315,1764,1854,1630,868,5582,1520,1564,1956,18084,8389,15113,15663,9866,31449,15773,28105,25361,6330,3411,25520,12714,28076,8122,5081,14207,9619,11243,17099,8936,29710,2855,12415,11967,33997,17961,12352,5014,7980,8879,14446,8848,7536,17331,4420,9954,46054,8668,5933,10480,25,7392,16840,4357,9149,7729,1886,1996,7769,3358,6025,4607,4207,1961,6407,17037
112.3244444,9880,3328,7358,2936,2873,10298,6840,7349,11280,1971,1264,9133,4087,5346,1697,1689,2121,2845,7603,2460,1695,1954,3142,978,2323,2913,1676,1181,2244,340,1317,1790,1642,1534,846,5227,1541,1550,1912,17864,8228,14714,15115,9498,32098,14996,27398,24931,6244,3259,25479,12110,27472,7734,4964,13947,9302,10608,15985,8103,29760,2595,11834,11298,32110,17330,11579,4374,7692,8337,13504,8295,6796,16154,4085,9358,43268,8289,5376,10132,37,6619,16824,4149,8715,7515,1633,1713,7472,3004,5758,4111,3878,1830,5664,16406
114.3244444,9353,2901,6967,2484,2619,9494,6007,6771,10538,1703,1152,7966,3600,5038,1563,1797,1881,2483,7108,2495,1754,1747,3060,943,2350,2831,1646,1145,2198,317,1360,1716,1722,1689,766,4780,1457,1418,1848,17381,7615,13509,14098,8755,31369,13787,25717,23673,5578,2964,24840,11354,26286,7102,4409,12753,8519,10002,13018,6813,26052,1840,9799,9967,24712,14223,9709,3600,6163,6549,11029,7026,5324,13656,3354,7907,34673,7959,4683,10083,20,5861,15895,3627,8090,6806,1388,1431,6812,2735,4646,3756,3683,1515,4625,15432
116.3244444,9640,2869,7338,2448,2520,8866,5914,7095,10463,1663,1087,7944,3547,4826,1473,1746,1854,2358,7166,2536,1696,1652,3031,861,2025,2731,1639,1124,2203,316,1320,1797,1693,1608,784,4134,1486,1284,1829,16206,6353,11835,12276,7318,29192,12146,22267,20949,4520,2547,22527,9620,24127,5989,3713,11235,7300,8584,9341,4881,18570,1209,7221,7523,16229,10516,7142,2084,4434,4359,7664,5240,3651,10225,2088,5356,23628,7578,4161,9736,31,4927,15751,3221,7568,6455,1222,1332,6368,2326,4415,3415,3350,1314,3951,13982
118.3244444,10843,2671,8595,2405,2743,9716,6554,7744,11705,1769,1179,8532,3445,5323,1524,1726,1883,2396,7670,2595,1690,1613,2954,837,2012,2700,1638,1138,2089,307,1421,1724,1617,1589,700,3423,1396,1307,1767,14511,5411,9860,10012,5876,26142,10222,18219,17816,3531,2014,19602,8055,21555,4587,3035,9659,6044,7131,6416,3465,11960,749,5115,5353,10501,7333,4928,1424,3146,2912,5042,3932,2381,7163,1445,3719,15078,7472,4119,9749,27,4506,15456,2967,7052,6276,1180,1233,6172,2128,3991,2991,3422,1400,3680,12932
120.3244444,12348,2922,10275,2512,2888,10736,7776,8583,12337,1853,1289,9025,3685,6465,1600,1973,1987,2501,8498,2546,1750,1493,2887,847,2054,2610,1546,1131,2100,284,1315,1702,1659,1569,665,2632,1385,1195,1727,12205,3781,7745,8067,4686,21950,7981,14082,14251,2673,1346,16233,6385,18447,3430,2247,7710,4553,5658,4397,2367,6957,570,3441,3879,6462,4781,3354,994,2220,2035,3577,2715,1604,4919,982,2691,9233,7423,3878,9703,59,4227,15207,2907,6822,5658,1094,1182,5741,2214,4004,2827,3241,1401,3453,12686
122.3244444,13488,3233,11476,2742,3316,11482,8682,9363,13134,1922,1326,9550,3977,7154,1789,2038,2144,2768,7886,2608,1858,1486,2758,721,1865,2445,1598,1199,1957,285,1360,1633,1594,1584,671,2066,1323,1190,1687,10269,3046,5967,6351,3615,18853,6153,11071,11142,1985,1042,13273,5108,15599,2681,1644,6096,3533,4371,2929,1647,4324,363,2452,2869,4355,3362,2318,658,1709,1428,2494,1921,1165,3357,695,1984,6350,7979,3732,10024,15,4252,15473,3040,7077,5757,1314,1275,5598,2253,4395,2652,3543,1368,3515,12990
124.3244444,14375,3434,12549,2895,3208,12172,9794,10167,13163,1940,1291,9992,3884,7636,1864,2151,2309,2720,10409,2602,1816,1525,2789,757,1749,2484,1724,1276,2002,254,1330,1686,1582,1498,656,1873,1409,1101,1625,9097,2728,5072,5169,3056,17570,5153,9506,9609,1775,957,11442,4028,13894,2211,1409,4916,2910,3586,3145,1587,3633,403,2327,2719,4460,3443,2271,757,1947,1219,2402,1933,1257,3244,718,1773,5818,8352,3911,10053,31,4191,16142,3146,7549,5932,1416,1348,5786,2473,4703,2545,3899,1462,3463,13323
126.3244444,14317,3061,12332,2747,3194,12082,10248,10209,12969,1887,1221,9621,3906,7459,1811,2136,2210,2829,10833,2702,1766,1332,2691,659,1701,2379,1701,1281,2046,207,1382,1667,1540,1605,601,2127,1297,1096,1535,9597,3389,5093,5030,3112,19912,5387,10922,10465,1705,965,11631,4271,13724,2371,1421,4625,2942,3366,5051,2361,5527,617,2977,3234,7924,5569,2946,1040,3241,1727,3473,2717,1980,4511,941,2331,9960,8902,3960,10341,22,4250,16607,3287,8080,6300,1353,1363,5933,2710,5425,2522,4086,1608,3808,13521
128.3244444,13727,2949,11578,2578,3141,11668,9891,9418,12371,1839,1152,8873,3476,7345,1737,1956,2227,2489,10686,2682,1800,1309,2715,736,1625,2202,1673,1306,2032,214,1359,1619,1447,1673,666,2706,1331,916,1526,11636,4546,5762,5439,3455,24816,5570,14461,13870,1995,1056,13259,4589,15405,2857,1769,4891,3286,3743,7936,3475,9417,825,3846,4315,13919,8796,4264,1425,5539,2503,4815,3730,3177,6980,1345,3182,18054,9330,3803,10848,38,4133,17266,3349,8496,6319,1347,1371,5679,2725,5877,2536,4407,1590,3879,14209
130.3244444,12955,2793,10513,2428,2754,10968,9610,8871,11335,1632,1041,8071,3199,6762,1556,1899,2022,2218,10596,2780,1725,1231,2537,601,1622,2380,1621,1241,1972,190,1440,1600,1392,1698,597,3302,1386,898,1606,13987,5617,6990,6470,3888,30544,6758,17980,17174,2310,1367,16621,5486,17798,3364,1959,5485,3776,4413,9891,4644,14447,1004,4718,5564,19374,11785,5300,1726,8123,3196,6585,4538,4154,9395,1623,3922,27181,9466,3717,10624,28,4120,18736,3035,8600,6115,1366,1302,5457,2768,6309,2388,4724,1250,3759,14099
132.3244444,11921,2724,9678,2131,2648,9961,9237,6909,10809,1533,832,7560,2771,6398,1399,1668,1937,2131,10091,2619,1774,1240,2516,647,1587,2189,1579,1287,1882,139,1556,1567,1372,1711,586,3513,1350,759,1345,16071,6437,7785,7310,4385,34920,7372,19808,20140,2489,1429,18903,5945,20164,3708,2275,6297,4179,4941,11228,5366,18186,1146,5462,6282,22147,13260,6126,1932,9735,3797,7319,5030,4779,10385,1805,4503,34088,9788,3715,10846,29,3861,19676,2862,8960,6339,1312,1183,5423,2566,6683,2345,4584,1493,3555,14092
134.3244444,11551,2496,9077,2060,2463,9363,8679,7620,10306,1368,891,6761,2596,6110,1321,1628,1886,1871,10722,2767,1700,1262,2302,597,1624,2199,1637,1325,1921,233,1511,1511,1456,1682,569,3733,1365,777,1496,16973,6531,8214,7653,4825,37630,8209,20316,17304,2581,1545,20336,6642,20798,3935,2361,6835,4688,5427,11349,5544,21530,1190,6139,7039,24152,13240,6500,1908,10803,4148,8971,5434,5273,10619,1880,4995,37883,9540,3485,10552,27,3773,20800,3046,8851,6095,1203,1170,5148,2557,6768,2393,4561,1330,3407,13934
136.3244444,11145,2393,9022,1888,2385,8989,8845,7356,10040,1273,807,6724,2537,5775,1143,1530,1846,1860,10657,2725,1586,1201,2425,582,1470,2085,1640,1311,1985,181,1604,1568,1418,1680,561,3697,1227,797,1349,16901,6789,8564,7717,4681,37364,7903,20050,20938,2836,1514,20480,6778,20576,3874,2347,6810,4662,5204,10985,5779,22900,1137,6134,6879,22695,13102,6496,1899,11255,4200,8408,5207,4948,10133,1868,4799,37530,9864,3252,10339,39,3279,22599,2820,8637,5925,964,1110,5045,2355,6972,2155,4667,1249,3024,13324
138.3244444,11557,2568,9105,1984,2491,8998,9713,7469,10416,1398,808,6827,2703,5846,1246,1513,1909,1891,12171,2798,1633,1106,2325,633,1558,2021,1620,1350,1852,167,1448,1674,1441,1660,499,3583,1264,787,1444,17199,6416,8453,7895,4837,37675,8247,19540,20219,2655,1407,20834,6980,19802,3708,2555,6737,4761,5334,10376,5331,22694,1073,5984,7112,21560,12219,6219,1805,10197,3899,8853,5145,4527,9664,1672,4789,35531,9983,3218,10236,43,3414,25084,2834,8486,5664,986,1060,5191,2330,6792,2154,4695,1293,3117,13107
140.3244444,11755,2501,9289,1944,2516,9175,10306,7516,10452,1262,851,6881,2876,6146,1215,1672,1907,1796,12871,2676,1759,1179,2211,629,1414,2112,1609,1391,1823,165,1628,1517,1554,1592,560,3134,1288,813,1392,16153,5776,7848,7244,4490,34519,7685,17798,19219,2508,1368,19794,6651,18670,3608,2226,6519,4389,5231,8305,4377,20393,799,5298,5914,15956,9956,5241,1265,7952,3368,7219,4280,3352,7995,1409,4105,28346,9864,3034,10156,8,3146,26359,2811,8226,5466,1045,1038,4941,2272,7063,2111,4590,1281,2962,12206
142.3244444,12208,2806,9563,2084,2460,9216,10689,7964,10486,1260,899,7178,2768,6210,1231,1670,1928,1933,13375,2707,1758,1183,2190,592,1487,2116,1603,1402,1950,174,1532,1599,1536,1617,496,2759,1245,782,1414,14971,4924,7030,6702,3890,29265,7275,15788,16409,2170,1218,17553,6105,17153,3145,2101,5996,3688,4662,6167,3502,15321,536,4116,4868,11409,7845,3995,981,5615,2440,5548,3482,2350,6339,1095,3153,20163,9658,3118,10120,46,3008,24028,2748,8220,5444,943,1033,4895,2249,7324,1924,4781,1244,2921,12134
144.3244444,12489,2793,9803,2146,2550,9422,10995,8105,10457,1256,885,7036,2762,6468,1219,1566,2068,2059,13331,2721,1732,1065,2043,508,1445,2020,1506,1391,1789,152,1591,1538,1605,1737,537,2124,1202,760,1372,13346,4107,5837,5740,3255,24694,6163,12574,13738,1783,932,15572,5029,14844,2577,1682,4844,3217,3978,4528,2668,10704,431,3113,3633,7688,5846,3145,703,3890,1729,4074,2707,1647,4696,713,2410,13308,9844,3054,10325,17,2862,23907,2616,8221,5374,905,956,4749,2117,7510,1958,4764,1201,2711,12350
146.3244444,12689,2856,9983,1993,2298,9209,10312,7524,10374,1237,792,6853,2711,6629,1176,1758,1998,1976,12632,2776,1682,1069,2037,608,1455,2001,1532,1365,1822,154,1644,1489,1472,1769,479,1783,1175,696,1330,11401,3366,4942,4907,2628,19696,4775,10509,11264,1463,792,12933,4054,12912,2080,1312,4176,2643,3333,3362,2035,7159,292,2499,2819,5442,4363,2382,537,3084,1448,3028,2139,1249,3645,539,1848,8627,9716,3003,10073,33,2767,22627,2602,8269,5160,933,1010,4483,2073,7674,1874,4819,1115,2666,11603
148.3244444,12193,2758,9518,1969,2230,8896,10516,7613,10177,1040,733,6675,2587,6481,1167,1628,2009,1834,12493,2715,1659,997,2072,535,1397,1871,1517,1397,1812,141,1549,1179,1607,1738,439,1539,1122,594,1333,9666,2761,4033,4002,2152,16718,4131,8463,9627,1122,629,11104,3675,11339,1597,1110,3641,2071,2686,2837,1670,5295,290,2115,2534,4715,3543,2060,487,2843,1138,2622,1840,1025,3001,500,1569,6690,10189,2861,8479,17,2652,22830,2561,8324,5461,841,891,4653,2108,7787,1850,4809,1055,2676,11882
150.3244444,12099,2901,9063,1889,2122,8178,10010,7450,9452,1184,712,6145,2388,6615,1064,1625,1928,1749,11605,2892,1642,991,1970,507,1261,1809,1675,1466,1746,161,1494,1414,1554,1850,511,1452,1281,627,1344,9257,2756,3711,3651,1887,15301,3529,8230,8972,1090,564,9553,3255,10157,1532,977,3027,1874,2313,3455,2059,4619,372,1948,2458,5436,3948,2133,518,3343,1215,2952,2055,1281,3038,536,1565,7748,10470,3019,9770,19,2547,22108,2496,8792,5100,832,999,4563,2033,7413,1815,4767,1002,2383,11473
152.3244444,11511,2890,8749,1872,2023,7970,9713,7079,9065,961,656,6098,2278,6451,983,1459,1930,1619,11259,2855,1704,996,1955,490,1413,1906,1560,1359,1787,155,1575,1473,1662,1686,522,1869,1146,601,1320,9791,3439,3951,3758,2025,16743,3746,8916,9854,1129,590,9937,3271,10445,1680,1086,3011,1926,2412,4543,2637,5992,369,2575,3047,8464,5432,2503,700,5129,1522,4109,2668,1908,3972,617,2050,11680,10560,2900,9966,39,2587,22421,2455,8605,5181,857,932,4531,2068,7589,1821,5146,995,2558,11210
154.3244444,10825,2836,8243,1784,2020,7869,9015,6814,9035,849,688,5924,2346,6626,962,1481,2014,1605,10530,2779,1645,988,1920,484,1275,1907,1471,1410,1766,149,1658,1492,1601,1663,483,2164,1155,649,1420,11893,4408,4418,3887,2282,18944,4220,10882,11659,1350,710,11513,3927,11526,2020,1271,3148,2233,2865,5763,3512,8941,401,3029,3912,12138,7149,3130,850,6728,1863,5630,3566,2622,5245,798,2535,17872,10658,2804,9942,31,2507,22219,2439,8886,5286,698,821,4409,2051,7549,1734,5014,1108,2366,11558
156.3244444,10749,2292,7824,1599,2000,7585,8891,6619,8549,807,702,5668,2279,6878,909,1412,1881,1585,10506,2809,1626,958,1897,449,1253,1911,1559,1337,1788,186,1620,1532,1737,1794,521,2511,1221,597,1460,13446,5055,5046,3772,2416,21567,4839,12327,13814,1421,781,12992,4207,13311,2164,1353,3581,2356,3054,6663,4014,11430,466,3625,4539,14095,8383,3782,1059,7356,2314,6916,3882,3161,5933,928,2826,23907,11023,2609,10014,37,2421,21533,2360,8537,5052,675,903,4295,1898,7230,1626,5159,1047,2324,11119
158.3244444,10857,2887,7839,1601,1773,7139,8346,6379,8651,808,755,5607,2162,6990,882,1341,1880,1509,10040,2686,1566,982,1892,500,1331,1819,1468,1327,1748,123,1672,1460,1723,1661,441,2515,1045,545,1361,14986,5417,5344,4844,2738,22212,5040,12684,14551,1503,765,14387,4466,11412,2371,1371,3723,2600,3344,6882,4345,14020,515,3915,5090,14685,8786,4263,1043,7647,2451,7403,4190,3302,6361,1072,3167,27070,10895,2681,9605,10,2359,21090,2243,8309,4965,630,791,4075,1831,7273,1563,5050,1040,2136,10635
160.3244444,11002,2950,7885,1638,1794,7015,8424,6257,8550,763,665,5664,2115,7037,925,1399,1962,1501,9946,2805,1573,984,1750,427,1361,1940,1433,1301,1511,108,1669,1451,1963,1649,438,2642,1117,582,1396,15412,5680,5693,5243,2822,22736,5287,13095,15080,1589,896,14632,4810,13960,2583,1559,4120,2683,3348,6924,4646,15864,516,4321,5622,15363,9033,4290,973,7585,2675,7967,4479,3358,6462,1140,3207,28247,10746,2599,9410,32,2313,20198,2319,8375,4738,603,777,4046,1944,6741,1423,5043,971,2217,10279
162.3244444,10850,2637,8138,1638,1787,7254,8370,6139,8337,740,687,5557,2118,6541,894,1315,1947,1555,9822,2873,1570,1027,1736,439,1331,2035,1407,1377,1741,130,1542,1487,1784,1614,451,2494,1058,564,1422,15634,5604,5900,5378,2745,22432,5502,12701,14886,1648,874,14884,4855,14032,2412,1548,4256,2735,3514,6695,4724,16613,568,4217,5799,14450,9007,4476,961,6980,2715,7978,4681,3330,6231,1115,3405,27559,11069,2517,9326,31,2304,20581,2209,8444,4733,557,787,3928,1803,6893,1419,5103,962,2094,10145
164.3244444,10659,2783,8112,1657,1708,7029,8499,6170,8407,788,639,5772,2088,7425,942,1236,1978,1607,9748,2806,1647,912,1770,415,1384,1985,1340,1412,1783,145,1691,1484,1812,1675,502,2329,971,567,1429,15208,5355,5926,5375,2805,21144,5532,12246,14341,1581,854,14536,4941,13815,2329,1491,4275,2582,3346,6141,4395,16459,484,4110,5621,12754,7896,4221,911,6014,2531,7358,4141,2801,5609,1015,3036,25030,10998,2503,9358,31,2290,20085,2416,8140,4590,592,770,4083,1934,6680,1421,4956,966,2127,9901
166.3244444,10833,2819,8259,1682,1767,6855,8237,6178,8158,665,656,5376,2060,7355,884,1295,1853,1465,9327,2827,1548,913,1699,391,1339,1947,1368,1328,1877,148,1716,1500,1809,1669,426,2069,1089,512,1606,14543,4910,5387,5096,2723,19842,5045,11358,13282,1395,738,13987,4602,12875,2172,1430,3944,2530,3318,5093,3452,14958,366,3588,5097,10195,6549,3633,721,4814,2190,6165,3581,2132,4819,812,2639,19970,10997,2416,8933,47,2127,20072,2353,7896,4429,531,787,4017,1893,6817,1399,4989,916,1928,9736
168.3244444,10791,2889,7880,1505,1685,6536,7815,5918,7935,701,694,5439,2100,7356,843,1220,1785,1501,9085,2788,1473,825,1763,447,1042,1961,1298,1285,1805,113,1575,1371,1719,1667,478,1697,1071,543,1437,12947,4136,4997,4556,2321,16864,4534,9712,11615,1277,663,12385,4271,11668,1947,1151,3804,2279,2944,3849,2863,11940,290,3083,4230,7276,5375,2975,557,3482,1690,4718,3036,1803,3824,647,1996,15059,11024,2451,8902,20,2127,19188,2247,7667,4540,541,729,3762,1817,6765,1310,5015,934,1934,9446
170.3244444,10436,2814,7878,1470,1559,6343,7691,5675,7934,675,661,5142,1876,7346,909,1180,1976,1421,8619,2853,1481,856,1556,431,1380,2143,1321,1243,1796,112,1603,1338,1741,1640,425,1436,1018,560,1474,11290,3539,4339,4135,1938,14296,4169,8088,9754,1102,550,11210,3716,10067,1688,1035,3316,1870,2687,3205,2348,9112,221,2152,3518,5688,4090,2397,451,2856,1426,3757,2586,1339,3118,538,1693,11036,10925,2548,8689,21,2038,18568,2348,7740,4103,552,768,3732,1746,6500,1326,5215,889,1843,9246
172.3244444,10031,2713,7467,1523,1605,6280,7291,5712,7335,639,600,4991,1978,7147,834,1200,1835,1411,8564,2662,1530,867,1618,366,1301,2028,1305,1293,1952,142,1563,1343,1734,1554,443,1278,975,497,1524,9915,3070,3819,3714,1849,12252,3622,6761,8351,886,459,9373,3207,8876,1398,861,2829,1684,2162,2553,2050,7034,192,2251,3123,4717,3389,2062,337,2403,1156,3166,2330,1038,2619,424,1550,8102,10932,2289,8660,13,2055,18979,2264,7557,4314,488,640,3716,1750,6520,1203,4986,906,1954,9076
174.3244444,9780,2719,7096,1467,1519,5881,6911,5565,7178,654,541,4897,1884,6738,781,1150,1906,1334,8033,2752,1358,855,1595,398,1296,1946,1292,1159,2169,100,1455,1342,1608,1660,433,1121,975,526,1608,9038,2909,3678,3236,1554,10596,3134,6614,7607,880,371,8273,3063,8122,1290,825,2472,1497,2068,2627,2086,5267,200,1941,3065,4522,3316,1923,404,2382,1059,3149,2398,1101,2431,436,1439,6977,11126,2340,8775,30,1932,18514,2197,7519,4071,447,671,3672,1614,6359,1222,4912,944,1727,8743
176.3244444,9634,2754,7032,1501,1375,5672,6952,5398,7295,717,626,4751,1853,6727,852,1116,1828,1400,7840,2712,1449,910,1575,409,1301,1965,1391,1140,2111,161,1495,1402,1734,1642,423,1169,947,536,1656,9072,3110,3299,3213,1561,10670,3129,6645,7627,870,420,7803,3047,7869,1278,857,2336,1399,1946,3162,2664,5543,253,2107,3528,5563,3746,1991,439,2983,1198,3858,2925,1439,2718,474,1374,8153,11345,2272,8449,39,1883,18728,2190,7595,3980,501,644,3560,1726,6312,1186,4745,820,1819,8595
178.3244444,9430,2918,6778,1357,1398,5709,6680,5326,6832,730,589,4725,1918,6440,812,1152,1740,1308,7704,2708,1396,832,1594,403,1354,1980,1279,1217,1929,126,1513,1244,1614,1533,409,1192,923,544,1721,10000,3563,3604,3379,1607,11381,3387,7248,8513,972,447,8258,3380,8142,1435,893,2352,1551,2081,3695,3448,7147,334,2420,4448,7345,4711,2570,550,3939,1507,4973,3654,1872,3325,573,1882,11543,11334,2282,8325,44,1937,18390,2147,7413,3888,455,660,3622,1719,6098,1216,4910,888,1757,8360
180.3244444,9406,2653,7005,1408,1371,5561,6589,5077,6851,625,532,4499,1901,6416,850,1146,1808,1324,7415,2760,1417,819,1603,395,1474,1997,1287,1125,1918,85,1474,1394,1516,1642,423,1372,924,488,1619,11735,4251,3923,3574,1793,12874,3945,7950,9188,1042,467,8932,3767,8785,1551,920,2502,1620,2289,4487,3983,10691,334,2680,5194,8825,5519,2883,564,4244,1843,6067,4253,2236,3666,752,2210,15428,11559,2274,8065,14,1883,17832,2238,7175,3805,410,623,3404,1642,5995,1115,4594,819,1678,8246
182.3244444,9609,2831,6923,1361,1408,5487,6431,5141,6834,598,620,4564,1920,6279,771,1044,1764,1328,7319,2820,1387,817,1534,423,1385,2062,1224,1158,1939,126,1553,1314,1626,1565,398,1393,919,483,1687,12674,4854,4486,4237,1927,13660,4348,8632,10099,1140,458,9468,4238,9406,1701,1065,2596,1761,2454,4718,4521,13201,411,3068,5866,9843,6444,3263,659,4617,2059,6626,4763,2543,4129,811,2478,18151,11481,2296,8057,43,1765,17454,2312,7217,3653,410,557,3296,1570,5800,1121,4625,820,1729,7970
184.3244444,9398,2694,6800,1385,1349,5226,6446,4934,6687,581,618,4580,1896,6195,781,1044,1784,1363,7267,2752,1400,834,1545,403,1390,1996,1251,1172,1948,86,1555,1294,1523,1542,372,1491,884,517,1673,13323,5002,4789,4219,2051,13859,4619,8999,10447,1201,640,9900,4649,9814,1871,1117,2875,1890,2563,4926,4795,14276,447,3130,6374,9893,6604,3366,678,4770,2226,7100,4994,2491,4276,828,2590,19375,11025,2400,7767,40,1734,17348,2420,6848,3567,330,592,3362,1603,5791,1104,4460,751,1738,8089
186.3244444,9350,2869,6821,1386,1320,5456,6215,5042,6592,601,575,4572,1946,6058,833,1064,1803,1352,7078,2561,1312,829,1572,389,1416,2085,1210,1091,1886,122,1471,1310,1488,1574,442,1424,932,502,1721,14110,5208,4832,4694,2046,14338,5238,9040,10298,1192,570,10270,5253,10139,1942,1145,2890,1978,2848,4766,4820,14673,422,3386,6791,10221,6396,3409,712,4605,2389,7199,4979,2608,4184,852,2821,19941,11203,2274,7720,13,1771,17088,2221,6833,3601,422,636,3483,1725,5855,1132,4569,759,1714,7869
188.3244444,9190,2955,6784,1393,1375,5171,6290,4828,6392,556,608,4468,1951,5986,848,1072,1754,1286,6788,2704,1414,859,1413,416,1463,2197,1235,1052,1792,106,1438,1234,1475,1609,442,1535,877,486,1696,13309,5357,4897,4549,2149,13654,5351,8447,10087,1243,608,10339,5152,9764,1905,1050,3048,1978,2414,4431,4703,15322,378,3411,6674,9606,6355,3511,656,4168,2364,6809,4990,2311,4127,798,2903,19574,11009,2461,7353,19,1762,16538,2222,6997,3715,398,636,3329,1640,5857,1106,4451,738,1623,7611
190.3244444,9243,2781,6725,1293,1337,5147,5922,4833,6576,623,564,4453,1928,5677,837,1098,1733,1270,6914,2696,1415,814,1508,413,1400,1784,1307,1173,1864,124,1423,1135,1498,1527,427,1312,854,505,1628,13109,5135,5259,4805,2119,13216,5404,8209,9949,1214,581,10123,5311,9485,1926,1042,3109,1789,2857,4065,4270,14667,372,3212,6050,8157,5659,3112,643,3487,2291,5853,4280,2161,3599,811,2439,17254,11049,2386,7448,39,1582,16577,2252,6746,3650,385,583,3390,1599,5540,1071,4323,792,1758,7389
192.3244444,8793,2740,6330,1363,1272,4953,5671,4741,5959,538,549,4222,1815,5618,836,1112,1787,1332,6541,2781,1331,802,1375,412,1361,2081,1194,1138,1810,110,1365,1275,1426,1514,414,1268,854,497,1619,12140,4759,4635,4339,1880,11619,4868,7533,9162,1055,532,9441,4866,8970,1742,943,2842,1778,2618,3508,3465,12853,246,2819,5158,6484,4857,2676,515,2922,1781,4815,3601,1700,3141,701,2324,14190,10693,2451,7213,39,1574,16091,2163,6445,3527,399,596,3358,1493,5438,1019,4109,704,1612,7185
194.3244444,8582,2670,6222,1261,1359,4729,5372,4412,5938,575,553,4286,1885,5473,827,1031,1664,1360,6193,2817,1359,758,1446,379,1489,2034,1242,1086,1788,90,1345,1218,1415,1494,414,1103,874,497,1625,11081,3978,4317,4117,1772,10625,4584,6467,8132,903,443,8438,4338,8082,1520,893,2772,1612,2452,2893,3003,10183,242,2518,4440,5130,4061,2308,374,2357,1622,3588,2448,1340,2616,521,1891,10812,10807,2318,7242,34,1522,15696,2157,6431,3446,370,523,3135,1630,5490,962,4046,759,1660,6719
196.3244444,8497,2722,6129,1285,1272,4586,5242,4494,5967,547,514,3976,2070,5096,756,1071,1771,1277,6000,2821,1243,729,1402,411,1289,1971,1253,1034,1781,118,1417,1193,1384,1504,418,938,835,440,1708,9958,3327,3905,3746,1582,9083,3862,5776,6835,783,344,7346,4027,7293,1264,794,2475,1422,2295,2422,2417,8078,222,2164,3752,4254,3193,2129,355,1934,1287,3094,2578,1123,2167,465,1593,8281,11442,2474,6809,23,1448,15846,2112,6608,3348,350,480,3225,1510,5221,984,3971,737,1541,6676
198.3244444,8100,2524,6073,1209,1199,4369,4966,4336,5814,568,506,3936,1946,5024,759,1027,1705,1235,5851,2782,1281,871,1451,399,1418,2009,1181,999,1987,103,1362,1179,1238,1573,398,859,776,457,1524,8828,3143,3269,3494,1458,8261,3743,5281,6175,792,352,6546,3722,6696,1192,741,2111,1333,2101,2267,2376,6462,177,1873,3450,3825,3057,1890,344,1910,1195,2731,2487,1065,1970,393,1587,7197,11146,2548,6937,38,1490,15525,1915,6306,3094,354,489,3165,1427,4844,1017,3804,618,1624,6352
200.3244444,8156,2566,6038,1237,1197,4296,5076,4145,5651,541,531,3888,1960,4978,834,958,1557,1238,5620,2779,1234,780,1399,426,1484,1912,1158,995,1698,93,1363,1099,1207,1385,384,872,781,456,1506,8142,3124,3350,3211,1313,7734,3454,4915,5937,760,325,6120,4003,6335,1136,635,1921,1127,1991,2500,2623,5400,196,1823,3563,4224,2975,1828,394,2063,1170,2944,2864,1186,2181,406,1584,6660,10869,2470,6736,27,1420,15072,1907,6294,3140,353,512,3022,1386,4996,946,3795,600,1606,6242