Time,dkaiA_wt.1.1.a,dkaiA_wt.1.2.a,dkaiA_wt.1.3.a,dkaiA_wt.2.1.a,dkaiA_wt.2.2.a,dkaiA_wt.2.3.a,dkaiA_wt.3.1.a,dkaiA_wt.3.2.a,dkaiA_wt.4.1.a,dkaiA_wt.4.2.a,dkaiA_148L156A.1.1.a,dkaiA_148L156A.1.2.a,dkaiA_148L156A.1.3.a,dkaiA_148L156A.2.1.a,dkaiA_148L156A.2.2.a,dkaiA_148L156A.2.3.a,dkaiA_148L156A.3.1.a,dkaiA_148L156A.3.2.a,dkaiA_148L156A.4.1.a,dkaiA_148L156A.4.2.a,kaiA148L156A.1.1.a,kaiA148L156A.1.2.a,kaiA148L156A.1.3.a,kaiA148L156A.1.4.a,kaiA148L156A.1.5.a,kaiA148L156A.2.1.a,kaiA148L156A.2.2.a,kaiA148L156A.2.3.a,kaiA148L156A.2.4.a,kaiA.1.1.a,kaiA.1.2.a,kaiA.1.3.a,kaiA.1.4.a,kaiA.1.5.a,kaiA.1.6.a,kaiA.1.7.a,kaiA.1.8.a,kaiA.1.9.a,dkaiA_wt.1.1.b,dkaiA_wt.1.2.b,dkaiA_wt.1.3.b,dkaiA_wt.2.1.b,dkaiA_wt.2.2.b,dkaiA_wt.2.3.b,dkaiA_wt.3.1.b,dkaiA_wt.3.2.b,dkaiA_wt.4.1.b,dkaiA_wt.4.2.b,dkaiA_148L156A.1.1.b,dkaiA_148L156A.1.2.b,dkaiA_148L156A.1.3.b,dkaiA_148L156A.2.1.b,dkaiA_148L156A.2.2.b,dkaiA_148L156A.2.3.b,dkaiA_148L156A.3.1.b,dkaiA_148L156A.3.2.b,dkaiA_148L156A.4.1.b,dkaiA_148L156A.4.2.b,kaiA148L156A.1.1.b,kaiA148L156A.1.2.b,kaiA148L156A.1.3.b,kaiA148L156A.2.1.b,kaiA148L156A.2.2.b,kaiA148L156A.3.1.b,kaiA148L156A.3.2.b,kaiA148L156A.4.1.b,kaiA148L156A.4.2.b,kaiA.1.1.b,kaiA.1.2.b,kaiA.1.3.b,kaiA.1.4.b,kaiA.1.5.b,kaiA.1.6.b,kaiA.1.7.b,kaiA.1.8.b,kaiA.1.9.b
8.005833333,7079,10160,12909,6697,11304,12027,7712,10174,7218,9650,6910,9334,24540,7005,8314,11023,7753,9281,7978,9936,7598,8555,9481,9125,19529,8765,7778,8337,8964,7726,9949,7939,8782,8959,9270,8965,10264,21516,,,,,,,,,,,,,,,,,,,,,,,,,,,,,,,,,,,,,,
8.168611111,,,,,,,,,,,,,,,,,,,,,,,,,,,,,,,,,,,,,,,6640,6961,6875,8376,8396,8306,8722,8689,9947,10658,7512,7483,7507,8494,8710,9283,6011,5712,7667,7687,7186,6509,7475,7145,6830,6787,7237,8045,8036,6566,6714,8395,10467,6589,6096,8013,10022,7136
10.00508444,7345,11370,13231,8059,13342,14793,10439,11778,9649,10195,6841,10563,21528,8672,8849,11287,7405,9491,8359,11377,7721,8389,9139,9506,20025,9714,8959,7806,10221,9019,11584,10660,13127,12493,11107,13157,13671,29061,,,,,,,,,,,,,,,,,,,,,,,,,,,,,,,,,,,,,,
10.16753222,,,,,,,,,,,,,,,,,,,,,,,,,,,,,,,,,,,,,,,6653,7242,7562,8978,9590,8375,10152,10320,12967,12000,6792,7497,7141,8379,9618,8022,6355,6221,8379,7626,6991,6315,7351,7087,7044,7422,7388,9212,8105,8369,8867,12222,15869,7909,8478,11070,15143,7786
12.00512361,8830,13664,17163,9042,16229,18554,12905,16577,11055,13237,7597,10254,20772,8895,11078,14034,6396,11978,8497,12394,8319,7057,7273,9369,20460,9915,7920,7651,11797,9823,11336,9908,12924,14474,13634,15217,15769,33563,,,,,,,,,,,,,,,,,,,,,,,,,,,,,,,,,,,,,,
12.16755528,,,,,,,,,,,,,,,,,,,,,,,,,,,,,,,,,,,,,,,17186,15223,16191,20459,16515,17057,21508,21367,17074,17483,11385,13705,12635,13517,11797,9960,12556,12781,13163,14937,14289,14118,11131,11286,11091,12174,12005,12266,11466,15175,14355,15345,16670,13770,13463,15754,16280,15581
14.00541611,15946,17033,15521,17552,18273,18073,22871,20070,19027,16813,17356,13289,11112,13590,11896,12161,9433,12668,11830,13327,19243,14822,7986,11921,18802,15724,10734,8234,13042,19056,20845,17938,18130,15836,14692,15980,17755,22065,,,,,,,,,,,,,,,,,,,,,,,,,,,,,,,,,,,,,,
14.16786111,,,,,,,,,,,,,,,,,,,,,,,,,,,,,,,,,,,,,,,14226,17308,16126,16063,17645,13352,21147,22197,17422,17369,7500,11485,8526,10345,11332,6743,13488,12660,12581,11147,15368,15961,8490,9812,10339,10461,10250,11607,9803,16017,14091,15273,18735,14895,14062,15605,17683,11876
16.00512694,13600,14753,13448,15924,15569,16684,19801,16862,17501,14312,15140,10279,7639,11159,9296,9919,7260,9954,9334,10916,16129,11846,6257,9235,13315,12887,8230,6201,10330,17224,18081,15887,14935,13102,11717,13264,15380,16982,,,,,,,,,,,,,,,,,,,,,,,,,,,,,,,,,,,,,,
16.16763333,,,,,,,,,,,,,,,,,,,,,,,,,,,,,,,,,,,,,,,12091,15453,14256,13525,15158,10907,18383,19264,15536,15068,5835,9196,6817,8107,9413,5244,11747,10888,9900,8513,12646,13313,6542,7748,8311,8287,8010,9533,8008,13232,11602,12901,17204,13295,11951,12931,15373,9440
18.00513389,11714,12261,11448,14404,12706,14792,17188,16008,15261,12528,13122,8305,6190,9247,7384,8079,6151,8264,7708,8903,13399,9724,4746,7304,9792,10590,6424,5053,8517,14429,15018,13244,12452,10710,9690,11262,12747,12008,,,,,,,,,,,,,,,,,,,,,,,,,,,,,,,,,,,,,,
18.16762278,,,,,,,,,,,,,,,,,,,,,,,,,,,,,,,,,,,,,,,10306,13394,12027,11918,13136,9329,17020,17324,13540,13305,4907,7777,5646,6999,7621,4230,9958,9224,8167,7202,10324,11299,5387,6233,6760,6670,6192,7810,6182,11215,10350,10948,14582,11317,10477,11215,13439,8126
20.00518194,10081,9961,9527,12576,10944,12520,14103,13266,13324,10190,10852,6792,4728,7544,5873,6534,5093,6594,6274,7036,11229,7474,3651,5656,7349,8686,5035,3861,6901,12073,13070,11776,10743,8978,7769,9504,10996,8380,,,,,,,,,,,,,,,,,,,,,,,,,,,,,,,,,,,,,,
20.16764167,,,,,,,,,,,,,,,,,,,,,,,,,,,,,,,,,,,,,,,8830,11327,10226,10096,11467,7705,15225,15812,11504,11012,4061,6531,4631,5728,6060,3520,8144,7648,6728,5949,8775,9508,4370,5176,5431,5344,4931,6370,5141,9352,8683,9549,12380,9681,9185,9250,11363,6594
22.00515806,8832,8595,7940,10781,9259,10667,12100,10946,11649,8829,8915,5389,4111,6280,4974,5180,4204,5570,5192,5917,9385,5470,2867,4490,5678,6974,3804,2992,5543,10054,11059,10156,8734,7382,6357,8011,9688,5952,,,,,,,,,,,,,,,,,,,,,,,,,,,,,,,,,,,,,,
22.16798556,,,,,,,,,,,,,,,,,,,,,,,,,,,,,,,,,,,,,,,7584,9671,8852,8535,9849,6565,13112,13904,10135,9427,3552,5576,4035,5021,4907,2747,6783,6379,5621,4967,6940,8009,3729,4052,4312,4344,4104,5324,4341,7596,7513,8357,10273,8568,7650,8105,9873,5652
24.16783694,,,,,,,,,,,,,,,,,,,,,,,,,,,,,,,,,,,,,,,4332,7171,5397,5582,6895,4879,8026,8413,7760,7051,2732,4083,3351,3673,4211,2461,5370,4467,3629,3469,4405,4521,3715,3001,3023,3426,3469,3891,3741,4801,4829,5404,9548,4696,4855,5748,7571,4156
26.00521778,2858,3834,4413,3480,4281,5777,4063,4805,4055,3718,2257,2169,3449,2233,2134,3298,2005,2671,2317,2557,2904,2143,1639,2374,4655,3313,2347,1946,3463,2687,3307,2724,2526,2772,3429,2855,3201,3357,,,,,,,,,,,,,,,,,,,,,,,,,,,,,,,,,,,,,,
26.16771389,,,,,,,,,,,,,,,,,,,,,,,,,,,,,,,,,,,,,,,2752,2912,3048,3950,3901,3510,4102,4102,4605,4788,1759,2115,1733,2185,2357,1824,1817,1930,2205,2061,2757,2738,1943,2142,1939,1781,1870,2990,3125,2489,2518,2694,3747,2487,2058,2560,3835,2884
28.00531028,2753,3909,4069,3364,3928,4814,3334,3792,3476,3802,2658,3065,5767,2821,2783,4048,2755,3251,2780,3322,3141,2749,1943,3640,6760,4106,3358,2593,4158,2086,2456,2096,1987,2220,2609,2158,2188,3030,,,,,,,,,,,,,,,,,,,,,,,,,,,,,,,,,,,,,,
28.16782278,,,,,,,,,,,,,,,,,,,,,,,,,,,,,,,,,,,,,,,2693,3109,3150,3816,3666,3580,3425,3195,4048,4338,2790,2597,2878,2796,3296,3287,2403,2647,2839,2739,3288,3153,2532,2919,2520,2258,2488,3768,4777,1604,1946,2022,2481,1881,1618,1959,2701,2200
30.00527056,3608,6093,6908,4151,6114,7575,4916,5717,5161,5742,4129,5212,11257,4552,5290,8033,4153,5724,4718,5819,3846,3330,2680,4663,8911,5022,4085,3397,5444,3456,3981,3409,3869,4271,4753,4438,4039,6935,,,,,,,,,,,,,,,,,,,,,,,,,,,,,,,,,,,,,,
30.16780583,,,,,,,,,,,,,,,,,,,,,,,,,,,,,,,,,,,,,,,3297,4466,4279,4900,5146,5099,5091,4774,6632,6976,4495,4593,4246,5015,6686,5364,3530,4122,4330,4528,3640,3532,3167,3827,3338,2824,3261,4826,6046,2412,3614,4053,4515,3113,2799,3916,5275,3095
32.00532222,4329,8924,9762,5409,8980,10490,7411,8351,7295,8775,4443,6416,14938,5969,7047,10462,4734,7612,5427,7192,3878,3781,3157,4951,9219,5077,4388,3931,5558,5224,6906,6317,7548,8341,8920,8885,7710,13165,,,,,,,,,,,,,,,,,,,,,,,,,,,,,,,,,,,,,,
32.167905,,,,,,,,,,,,,,,,,,,,,,,,,,,,,,,,,,,,,,,4001,5162,5498,6585,7188,5690,7526,7642,9550,10486,4823,5329,5056,6589,7615,6459,4084,4711,5081,5067,3872,3489,3550,4244,3747,3041,3502,4892,6307,4180,6704,7973,7941,5089,5166,7588,9730,4707
34.00629083,4698,8660,9988,4892,9800,10772,7485,9612,7092,9790,4203,6401,15192,5458,6807,9894,4778,6960,5714,6745,3894,3749,3268,4689,9080,4927,4150,4190,5468,5472,7065,6520,8583,10430,11967,9972,8626,16917,,,,,,,,,,,,,,,,,,,,,,,,,,,,,,,,,,,,,,
34.16889639,,,,,,,,,,,,,,,,,,,,,,,,,,,,,,,,,,,,,,,4349,4456,5242,7280,7002,6231,8422,7973,9446,10408,4820,5219,5015,6289,6671,6139,3704,4278,4889,5296,3622,3381,3846,4401,3899,2870,3546,4744,5891,5087,7254,8201,9000,5213,5690,8398,10616,6016
36.00529944,4937,8477,10116,4905,9443,10318,7582,10340,6890,10051,3963,5426,13402,4988,5808,8271,4560,5779,4840,5770,3991,3640,3448,4194,8815,4919,3867,3964,4960,5520,7262,6561,8801,10723,13917,9631,8860,19679,,,,,,,,,,,,,,,,,,,,,,,,,,,,,,,,,,,,,,
36.16787389,,,,,,,,,,,,,,,,,,,,,,,,,,,,,,,,,,,,,,,4682,4463,5292,7364,6733,6622,7847,7368,9150,10183,4341,4355,4398,5348,5834,5622,3513,4015,4403,4623,3693,3344,3769,4171,3703,2751,3241,4505,5197,5316,7595,8059,9415,5231,5967,8495,10785,6493
38.00529333,5032,8819,10134,5147,9570,9937,8178,10393,7089,10174,3753,4453,10844,4564,4722,6861,4061,4835,4009,4954,3961,3626,3343,3781,7750,5209,3807,3694,4694,5912,7615,6841,8947,10369,14167,9661,8763,19092,,,,,,,,,,,,,,,,,,,,,,,,,,,,,,,,,,,,,,
38.1678675,,,,,,,,,,,,,,,,,,,,,,,,,,,,,,,,,,,,,,,4683,4640,5535,7769,7200,7069,7769,7381,9348,10618,3578,3581,3663,4392,4664,4623,3538,3763,3702,3706,3877,3461,3650,3928,3621,2660,3172,4361,4674,5601,7591,7871,8722,5338,6050,8465,10632,6948
40.00534944,5151,8985,10487,5400,9398,9886,8377,9937,7050,9862,3352,3683,8403,4028,3787,5317,3184,3843,3245,3982,3991,3367,3169,3529,6816,5235,3685,3270,4210,5718,7040,6282,7913,8984,11942,8248,7505,16138,,,,,,,,,,,,,,,,,,,,,,,,,,,,,,,,,,,,,,
40.16793028,,,,,,,,,,,,,,,,,,,,,,,,,,,,,,,,,,,,,,,4681,4752,5777,7376,6929,6836,7459,7221,9489,10719,2992,2798,2811,3415,3806,3612,3272,3482,3171,3068,4108,3334,3159,3576,3497,2560,2928,4137,4269,5066,6568,6821,7549,5182,5472,7131,9232,6206
42.00533833,5023,8835,10446,5459,9316,10174,8462,9265,7276,9274,3169,3074,7048,3509,3143,4331,2617,3212,2700,3383,3733,3578,2969,3377,6470,5206,3708,3120,4193,5215,6119,5367,6332,6455,8000,6032,5830,11697,,,,,,,,,,,,,,,,,,,,,,,,,,,,,,,,,,,,,,
42.16790639,,,,,,,,,,,,,,,,,,,,,,,,,,,,,,,,,,,,,,,4799,5146,5859,7028,6850,6837,7274,6919,9478,10503,2415,2450,2230,2864,3120,2983,3008,3107,2659,2455,4042,3327,2922,3421,3432,2614,2703,4073,4120,4258,4881,5332,5738,4359,4206,5427,6817,4700
44.00542,5061,8945,10872,5766,8780,9305,8485,8029,7164,8600,2852,2667,6324,3236,2838,3795,2250,2884,2276,2894,3718,3713,2780,3458,6307,5189,3889,3167,4132,4286,5025,4091,4544,4254,5050,4141,4050,7627,,,,,,,,,,,,,,,,,,,,,,,,,,,,,,,,,,,,,,
44.1681475,,,,,,,,,,,,,,,,,,,,,,,,,,,,,,,,,,,,,,,4680,5316,5774,6564,6655,6500,6546,6386,9060,10331,2037,2184,1996,2571,2740,2502,2839,2792,2453,2157,4136,3236,2760,3414,3343,2684,2822,4015,4163,3328,3413,3673,4099,3553,3112,3767,4765,3354
46.00536944,5085,8594,10297,5772,8388,8252,8304,6905,6626,7656,2662,2720,6436,3078,2854,3782,2168,2804,2229,2785,3621,3653,2808,3651,6092,5163,4114,3183,4117,3373,3747,2788,2952,2812,2885,2597,2690,4717,,,,,,,,,,,,,,,,,,,,,,,,,,,,,,,,,,,,,,
46.16802444,,,,,,,,,,,,,,,,,,,,,,,,,,,,,,,,,,,,,,,4535,5375,6234,6302,6901,6080,5793,6046,8861,10006,2018,2239,2082,2525,2666,2455,2755,2744,2559,2319,4311,3423,2671,3517,3453,2711,2889,4167,4255,2333,2240,2427,2803,2457,2117,2477,3244,2124
48.00537722,5016,8690,10054,5756,8244,7415,7997,6031,6585,7244,2799,2995,7242,3462,3437,4502,2335,3147,2698,3052,3771,3902,3229,4153,6371,5623,4756,3609,4396,2721,2848,2106,2065,1895,1919,1899,1886,3149,,,,,,,,,,,,,,,,,,,,,,,,,,,,,,,,,,,,,,
48.16794972,,,,,,,,,,,,,,,,,,,,,,,,,,,,,,,,,,,,,,,4567,5442,6759,6088,6958,5678,5468,5428,8366,9491,2145,2600,2248,3036,2929,2739,3005,2938,2824,2718,4573,3455,2889,3935,3785,3114,3237,4523,4841,1742,1504,1756,2081,2026,1625,1701,2420,1495
50.00539472,4992,7317,8199,5039,7153,5810,6729,5025,5578,6368,2840,3319,7922,3715,3805,5099,2705,3248,2939,3144,3666,3866,3291,4116,6259,5280,4663,3862,4212,2289,2251,1662,1590,1452,1458,1508,1477,2336,,,,,,,,,,,,,,,,,,,,,,,,,,,,,,,,,,,,,,
50.16796417,,,,,,,,,,,,,,,,,,,,,,,,,,,,,,,,,,,,,,,4418,4936,6238,5742,6065,5247,4505,4504,6537,7779,2375,2703,2675,3589,2997,3203,3072,3068,2970,3040,4511,3321,2896,4100,3931,3165,3326,4436,4861,1385,1191,1377,1698,1621,1200,1378,1949,1124
52.00543222,4899,6329,6934,4663,6331,4634,5719,4735,4792,5592,2933,3687,8640,3971,4304,5689,3072,3514,3224,3486,3477,3907,3712,4404,5797,5225,5027,4248,4041,2471,2763,2005,2299,2228,2148,2184,2025,3101,,,,,,,,,,,,,,,,,,,,,,,,,,,,,,,,,,,,,,
52.16813389,,,,,,,,,,,,,,,,,,,,,,,,,,,,,,,,,,,,,,,4270,4390,5661,5474,5531,4970,4013,3844,5469,6598,2775,3075,2961,3938,3121,3532,3096,3362,3214,3372,4528,3253,3189,4250,4242,3284,3477,4193,4901,1619,1763,1994,1852,1992,1670,2064,2421,1420
54.00544139,4638,5994,6471,4489,5904,4217,5504,4833,4428,5560,2856,4040,9377,4054,4651,6074,3300,3651,3517,3653,3572,3854,3940,4287,5544,4968,5079,4395,3806,3495,4207,3396,4534,5354,4859,4472,3378,5881,,,,,,,,,,,,,,,,,,,,,,,,,,,,,,,,,,,,,,
54.16809944,,,,,,,,,,,,,,,,,,,,,,,,,,,,,,,,,,,,,,,4129,4236,5389,5210,5118,4840,4150,3912,5135,6118,3086,3257,3254,4194,3214,4095,3254,3361,3481,3544,4634,3177,3378,4369,4275,3374,3512,4064,5219,2552,3652,3988,3024,3210,3311,4159,4410,2813
56.00542583,4742,5972,5835,4267,6031,4115,5985,5787,4518,6174,2916,4132,9337,4284,4795,6240,3302,3644,3480,3501,3432,3863,4322,4203,5194,4801,5237,4637,3660,4427,5560,5086,6900,8198,8805,6852,4884,9111,,,,,,,,,,,,,,,,,,,,,,,,,,,,,,,,,,,,,,
56.16808222,,,,,,,,,,,,,,,,,,,,,,,,,,,,,,,,,,,,,,,4226,4090,5378,5065,4940,4827,4743,4351,5243,6362,3245,3287,3304,4418,3164,4239,3201,3594,3518,3544,4750,3211,3667,4556,4294,3395,3718,3754,5174,3920,5723,5840,4373,4294,4723,6082,6518,4827
58.00549,4892,6295,6157,4403,6282,4771,6864,6893,4847,6654,2926,4201,9568,4309,4708,6197,3400,3548,3515,3650,3458,3844,4737,4147,5024,4809,5376,5086,3449,5048,6381,5661,8446,10059,10813,8441,5692,11306,,,,,,,,,,,,,,,,,,,,,,,,,,,,,,,,,,,,,,
58.1681375,,,,,,,,,,,,,,,,,,,,,,,,,,,,,,,,,,,,,,,4234,4144,5359,5055,5192,4938,5277,4752,5466,6698,3264,3199,3301,4418,3126,4073,3377,3586,3471,3461,4683,3105,3855,4841,4482,3382,3778,3608,5099,4559,6576,6737,5180,4821,5529,7176,7445,5977
60.00542056,5186,6574,6592,4512,6813,4807,7273,7456,5113,7437,2947,4232,9071,4108,4749,5986,3179,3413,3568,3502,3385,3889,4895,4290,4883,4721,5611,5247,3274,5407,6961,6173,9748,11579,12286,9605,6358,12935,,,,,,,,,,,,,,,,,,,,,,,,,,,,,,,,,,,,,,
60.16808306,,,,,,,,,,,,,,,,,,,,,,,,,,,,,,,,,,,,,,,4374,4239,5499,5114,5287,5060,5563,5197,5698,7115,3133,3250,3233,4154,2981,4144,3327,3565,3499,3464,4921,3141,3943,5030,4619,3443,3851,3436,4853,5169,7742,7465,5588,5091,6139,7991,8293,6441
62.00553833,5340,6926,6948,4692,7150,4912,7823,7665,5429,7790,2833,4054,8931,4015,4600,5835,3240,3320,3394,3382,3366,3898,4946,4449,4690,4703,5588,5416,3321,5470,7391,6557,10145,12666,13370,10142,6450,13534,,,,,,,,,,,,,,,,,,,,,,,,,,,,,,,,,,,,,,
62.16821111,,,,,,,,,,,,,,,,,,,,,,,,,,,,,,,,,,,,,,,4614,4156,5594,5078,5339,4778,5776,5225,5716,7314,2963,2985,3165,4016,2785,3746,3344,3487,3321,3364,4727,3041,4125,4816,4445,3380,3762,3372,4757,5236,7928,7620,5661,5125,6261,8506,8648,6550
64.00544806,5753,7036,7014,4907,7549,5064,7888,7906,5337,8186,2809,3890,8529,3894,4219,5609,3253,3217,3366,3265,3376,3854,5204,4225,4387,4582,5753,5551,3207,5529,7014,6291,10118,12919,14069,10001,6311,12940,,,,,,,,,,,,,,,,,,,,,,,,,,,,,,,,,,,,,,
64.16813444,,,,,,,,,,,,,,,,,,,,,,,,,,,,,,,,,,,,,,,4798,4449,5716,5288,5602,4886,5987,5661,5713,7391,2869,2730,2950,3765,2582,3817,3138,3380,3289,3296,4581,2998,4216,4960,4510,3438,3700,3238,4764,5518,8184,7434,5213,5181,6245,8260,8572,6572
66.00554694,5987,7175,6840,4797,7746,4863,7643,8139,5420,8087,2813,3773,8387,3860,4163,5162,3247,2986,3401,2985,3393,3858,5434,3985,4216,4614,5556,5617,3129,5118,6641,5841,8997,11780,12849,8915,5502,11014,,,,,,,,,,,,,,,,,,,,,,,,,,,,,,,,,,,,,,
66.16823667,,,,,,,,,,,,,,,,,,,,,,,,,,,,,,,,,,,,,,,5041,4369,5656,5430,5444,4809,5779,5303,5689,7247,2841,2632,2969,3693,2420,3725,3053,3234,3044,3198,4579,3013,4247,4676,4262,3274,3613,3105,4593,5137,7317,6479,4585,4606,5492,7353,7443,6374
68.00586278,6509,7063,6629,4822,7705,4801,7503,8303,5251,8151,2709,3833,8428,3701,4007,5033,3395,2917,3337,2876,3491,3714,5608,4056,4153,4742,5583,5642,3007,4708,5723,4900,7227,9679,10581,7088,4360,8623,,,,,,,,,,,,,,,,,,,,,,,,,,,,,,,,,,,,,,
68.16886111,,,,,,,,,,,,,,,,,,,,,,,,,,,,,,,,,,,,,,,5227,4388,5897,5355,5525,4870,5885,5344,5564,7140,2867,2496,2992,3649,2297,3821,3011,3215,3048,3191,4650,2995,4291,4736,4231,3318,3606,3128,4547,4655,6281,5293,3588,4123,4756,5951,5814,5505
70.00554472,6551,6728,6370,4745,7493,4416,6915,7867,5066,7882,2641,3895,8638,3533,3997,5212,3421,2832,3412,2886,3407,3754,5636,3949,3976,4592,5669,5675,3040,4203,4994,4059,5468,6958,7845,5412,3388,6005,,,,,,,,,,,,,,,,,,,,,,,,,,,,,,,,,,,,,,
70.16831333,,,,,,,,,,,,,,,,,,,,,,,,,,,,,,,,,,,,,,,5584,4366,5698,5332,5412,5067,5725,4872,4993,6853,3167,2615,3223,3649,2179,3833,3036,3182,3150,3328,4840,3083,4440,4787,4279,3371,3597,3090,4598,3990,4619,4026,2453,3507,3642,4388,4413,4549
72.00563722,6694,6550,6143,4788,7326,4091,6614,7465,4896,7475,2723,3975,8752,3647,4073,4973,3507,2907,3511,2833,3549,3732,5875,4051,3963,4673,5604,5802,2964,3676,4063,3338,4442,5032,5623,3762,2657,4206,,,,,,,,,,,,,,,,,,,,,,,,,,,,,,,,,,,,,,
72.16834,,,,,,,,,,,,,,,,,,,,,,,,,,,,,,,,,,,,,,,5713,4293,5767,5409,5435,4956,5202,4781,4872,6168,3437,2797,3364,3810,2302,4195,3064,3300,3155,3612,5097,3077,4437,4904,4428,3410,3933,3168,4707,3320,3604,3162,1879,3160,2979,3352,3471,3651
74.00561083,6700,6052,5562,4568,6927,3705,6128,6813,4506,7059,2735,4029,8976,3769,4179,5224,3791,2781,3622,2813,3459,3762,6000,3966,3915,4650,5796,5998,2945,3381,3626,2652,3305,3536,3955,2829,2122,3253,,,,,,,,,,,,,,,,,,,,,,,,,,,,,,,,,,,,,,
74.16833722,,,,,,,,,,,,,,,,,,,,,,,,,,,,,,,,,,,,,,,5876,4344,5449,5333,5171,4878,4989,4412,4352,6046,3570,2789,3519,3869,2191,4397,3076,3326,3255,3598,5225,3205,4620,5013,4558,3413,3972,3134,4775,2672,2679,2402,1549,2621,2370,2638,2749,2753
76.00596361,6368,5621,5153,4402,6325,3256,5752,6381,4286,6616,2721,3913,8727,3488,4048,5229,3854,2873,3705,2818,3431,3812,5969,4014,3659,4675,5824,6057,2909,3194,3500,2630,3017,2715,2953,2698,2130,2925,,,,,,,,,,,,,,,,,,,,,,,,,,,,,,,,,,,,,,
76.16897778,,,,,,,,,,,,,,,,,,,,,,,,,,,,,,,,,,,,,,,5921,4219,5290,5251,4979,4770,4411,4047,4022,5505,3573,2791,3531,3962,2214,4631,3144,3311,3295,3569,5176,3205,4667,5049,4439,3440,3935,3151,4894,2311,2393,2366,1462,2565,2206,2566,2697,2095
78.00571278,6654,5491,4878,4271,6165,2849,5133,5993,4031,6151,2904,4040,8627,3605,4109,5246,3941,2880,3574,2868,3499,3776,6100,4115,3619,4618,5999,5979,2927,3585,3868,3015,3968,3621,3319,3568,2575,3606,,,,,,,,,,,,,,,,,,,,,,,,,,,,,,,,,,,,,,
78.16847444,,,,,,,,,,,,,,,,,,,,,,,,,,,,,,,,,,,,,,,5802,3981,4934,4925,4538,4915,4128,3624,3577,4792,3568,2587,3477,3800,2049,4664,3081,3199,3192,3459,5254,3207,4800,5027,4347,3321,3863,2892,4732,2660,2853,2875,1779,2817,2732,3191,3391,2178
80.00642444,6446,5236,4487,4002,5827,2505,4972,5990,3762,6085,2786,4054,8575,3645,4155,5136,3872,2865,3766,2673,3511,3809,6113,4051,3563,4508,6047,6187,2764,4239,4852,3856,5474,6168,5395,5400,3262,5152,,,,,,,,,,,,,,,,,,,,,,,,,,,,,,,,,,,,,,
80.16922444,,,,,,,,,,,,,,,,,,,,,,,,,,,,,,,,,,,,,,,5869,3834,4904,4773,4263,4578,3975,3352,3324,4434,3597,2506,3424,3626,1940,4591,2900,3207,3031,3489,5085,3151,4786,4845,4272,3233,3711,2882,4642,3427,4349,3958,2234,3252,3543,4523,4446,3238
82.00555917,6420,4941,4247,4005,5708,2425,5061,6073,3635,6043,2771,3893,8430,3492,3934,4961,3801,2670,3657,2715,3398,3843,6129,3978,3353,4343,5782,6290,2617,4771,5627,4738,7047,8948,8936,6871,4007,6109,,,,,,,,,,,,,,,,,,,,,,,,,,,,,,,,,,,,,,
82.16837944,,,,,,,,,,,,,,,,,,,,,,,,,,,,,,,,,,,,,,,6047,3913,4831,4902,4360,4762,4152,3585,3162,4190,3479,2607,3490,3809,1951,4588,2960,3255,3174,3593,5459,3307,4700,5081,4418,3374,3647,2734,4486,4440,5924,5144,2617,4077,4632,5689,5503,5208
84.005655,6513,4854,4056,3917,5666,2343,5395,6504,3709,6192,2699,3843,8036,3498,3871,4764,3768,2651,3701,2643,3430,3827,6353,3867,3146,4353,5989,6239,2617,5062,6222,5286,8235,11000,12271,7913,4374,7066,,,,,,,,,,,,,,,,,,,,,,,,,,,,,,,,,,,,,,
84.16844389,,,,,,,,,,,,,,,,,,,,,,,,,,,,,,,,,,,,,,,5913,3706,4889,4721,4053,4674,4001,3383,3277,4311,3595,2492,3360,3675,1827,4606,2995,3264,3121,3631,5395,3202,5011,5084,4059,3107,3587,2585,4313,5030,6661,5496,2867,4259,4714,6447,5945,6512
86.00563667,6703,4802,4067,4084,5698,2351,5680,6750,3844,6344,2753,3827,8245,3371,3924,4682,3997,2608,3614,2522,3306,3654,6355,3847,3144,4283,6001,6271,2497,5259,6596,5483,8827,12381,14321,8870,4651,7633,,,,,,,,,,,,,,,,,,,,,,,,,,,,,,,,,,,,,,
86.16842333,,,,,,,,,,,,,,,,,,,,,,,,,,,,,,,,,,,,,,,6317,3824,4958,4752,4243,4799,4189,3796,3305,4303,3572,2553,3544,3641,1753,4684,2932,3356,3079,3591,5419,3247,5112,5223,4349,3244,3861,2691,4428,5516,7690,6133,3124,4815,5741,6995,6629,7407
88.00571556,6894,4838,4036,4207,5901,2596,5891,7137,3760,6407,2738,3809,8184,3236,3533,4693,3878,2383,3694,2516,3230,3494,6608,3628,2917,4080,5870,6243,2304,5303,6507,5571,8727,13212,15907,9135,4508,7560,,,,,,,,,,,,,,,,,,,,,,,,,,,,,,,,,,,,,,
88.1686075,,,,,,,,,,,,,,,,,,,,,,,,,,,,,,,,,,,,,,,6230,3882,5006,4820,3987,4878,4152,3663,3273,4426,3664,2331,3491,3640,1744,4742,2919,3239,2992,3587,5399,3221,5150,4949,4176,3194,3526,2465,4325,5620,7722,6177,3041,4756,5490,7079,6717,7802
90.00582667,7101,4885,4150,4247,5831,2505,5836,7423,3828,6580,2719,3668,8242,3160,3513,4649,4010,2283,3634,2449,3310,3486,6359,3540,2864,3930,5825,6228,2240,4993,6083,5277,8312,13436,16040,8813,4475,7380,,,,,,,,,,,,,,,,,,,,,,,,,,,,,,,,,,,,,,
90.16866694,,,,,,,,,,,,,,,,,,,,,,,,,,,,,,,,,,,,,,,6710,4069,5196,4810,4438,5001,4443,3943,3537,4615,3757,2517,3677,3652,1780,4937,2954,3387,3102,3829,5676,3172,5340,5113,4305,3316,3602,2485,4404,5956,8229,6300,3194,4948,5814,7296,6704,8201
92.0057575,7328,4983,4225,4479,6131,2543,6029,7709,3978,6507,2726,3829,8377,3296,3649,4751,4080,2377,3567,2392,3293,3472,6793,3585,2845,4035,5982,6380,2220,4775,5740,5045,7866,12664,15555,8157,3964,6665,,,,,,,,,,,,,,,,,,,,,,,,,,,,,,,,,,,,,,
92.16860028,,,,,,,,,,,,,,,,,,,,,,,,,,,,,,,,,,,,,,,6833,4334,5396,4834,4393,5131,4449,4100,3467,4751,3842,2490,3622,3709,1652,5007,2981,3272,3039,3594,5480,3320,5353,5262,4325,3189,3704,2399,4362,5734,7738,5673,2680,4582,5229,6679,6170,7857
94.00582222,7541,5070,4187,4366,6093,2520,6070,7463,3886,6728,2816,3769,8464,3304,3645,4582,4241,2461,3749,2449,3255,3535,6664,3640,2776,3953,5962,6346,2156,4097,4964,4421,6835,10657,13327,6927,3423,5288,,,,,,,,,,,,,,,,,,,,,,,,,,,,,,,,,,,,,,
94.16868583,,,,,,,,,,,,,,,,,,,,,,,,,,,,,,,,,,,,,,,7023,4236,5322,4960,4261,5078,4261,3901,3365,4472,3835,2472,3709,3584,1625,5163,2998,3319,3062,3691,5496,3174,5518,5200,4281,3199,3551,2196,4280,5263,6532,4856,2264,3983,4437,5584,5150,6851
96.00575917,7526,4705,4064,4208,6132,2382,5571,7156,3632,6407,2635,3703,8487,3199,3601,4540,4082,2239,3622,2313,3180,3298,6798,3526,2618,3765,5808,6332,2027,3742,4331,3768,5577,8509,10533,5581,2708,4013,,,,,,,,,,,,,,,,,,,,,,,,,,,,,,,,,,,,,,
96.16866806,,,,,,,,,,,,,,,,,,,,,,,,,,,,,,,,,,,,,,,7116,4363,5253,4872,4112,5140,4387,3790,3142,4441,3958,2466,3763,3617,1544,5285,2929,3197,2945,3649,5402,3290,5498,5256,4263,3239,3677,2252,4268,4397,5350,3988,1811,3551,3899,4601,4217,5710
98.00624306,7700,4704,3941,4137,5809,2162,5418,7085,3529,6291,2712,3828,8254,3068,3515,4508,3977,2294,3774,2288,3272,3365,6924,3536,2579,3727,5907,6524,1994,3514,3908,3242,4659,6620,8016,4310,2201,3163,,,,,,,,,,,,,,,,,,,,,,,,,,,,,,,,,,,,,,
98.16913556,,,,,,,,,,,,,,,,,,,,,,,,,,,,,,,,,,,,,,,7007,4141,5158,4844,3964,4922,3985,3479,2999,4131,3985,2389,3575,3495,1458,5203,2855,3391,2867,3613,5350,3221,5638,5069,3922,3042,3568,2085,4083,3894,4223,3175,1431,3111,3041,3525,3356,4925
100.0058047,7574,4566,3503,4034,5497,2062,5256,6777,3402,5981,2787,3632,8135,3062,3458,4497,4225,2265,3631,2278,3139,3334,6908,3372,2448,3633,5972,6580,1953,3391,3553,2806,3936,4833,5738,3512,2045,2612,,,,,,,,,,,,,,,,,,,,,,,,,,,,,,,,,,,,,,
100.1686719,,,,,,,,,,,,,,,,,,,,,,,,,,,,,,,,,,,,,,,7258,4108,5043,4697,3890,5026,3956,3343,2812,3845,4107,2298,3551,3500,1489,5350,3025,3311,3044,3634,5360,3338,5713,5181,4185,3103,3595,2060,4052,3359,3594,2719,1387,2934,2634,3118,3000,3781
102.0057964,7322,3953,3277,4069,5223,1839,4796,6205,3018,5558,2839,3485,8272,2982,3287,4529,4139,2058,3575,2204,3150,3088,6867,3053,2346,3522,5577,6485,1811,3362,3381,2673,3524,4146,4544,3178,1881,2547,,,,,,,,,,,,,,,,,,,,,,,,,,,,,,,,,,,,,,
102.1698931,,,,,,,,,,,,,,,,,,,,,,,,,,,,,,,,,,,,,,,7139,3969,5035,4634,3743,4944,3772,3167,2738,3630,4101,2340,3689,3498,1400,5476,2830,3460,3018,3749,5285,3229,6012,5126,4149,3083,3530,1993,4040,3148,3122,2623,1352,2891,2570,3032,2882,3320
104.0058119,7414,4030,3052,4085,5034,1701,4652,5947,2927,5445,2830,3477,8341,3007,3315,4478,4291,2171,3739,2150,3160,3102,6944,3120,2321,3317,5556,6483,1698,3795,3940,3027,4046,4446,4558,3816,2045,2773,,,,,,,,,,,,,,,,,,,,,,,,,,,,,,,,,,,,,,
104.1688258,,,,,,,,,,,,,,,,,,,,,,,,,,,,,,,,,,,,,,,7329,3947,5152,4537,3618,4939,3545,3063,2489,3597,4077,2351,3730,3285,1474,5475,2838,3490,2892,3611,5360,3320,6265,5110,4036,3101,3481,1972,3912,3411,3437,3021,1521,3248,2973,3429,3424,3617
106.0058083,7308,3977,3035,3890,5019,1655,4606,5815,3064,5351,2923,3526,8321,3009,3334,4376,4310,2202,3694,2102,3227,3050,6949,3126,2142,3398,5691,6467,1739,4221,4185,3497,5001,6141,6100,4672,2334,3307,,,,,,,,,,,,,,,,,,,,,,,,,,,,,,,,,,,,,,
106.1687081,,,,,,,,,,,,,,,,,,,,,,,,,,,,,,,,,,,,,,,7564,3953,5192,4406,3601,4886,3343,2767,2279,3315,4259,2267,3838,3410,1414,5524,2824,3469,2922,3627,5319,3412,6456,4976,3955,2922,3458,1797,3853,4021,4306,3398,1698,3555,3363,3928,3947,4982
108.0058217,7230,3648,2838,3847,4890,1662,4491,5933,2780,5294,2943,3402,8287,2962,3194,4419,4432,2057,3712,2069,3118,3045,7031,3116,2200,3269,5550,6442,1633,4617,4519,3775,5782,8226,8577,5512,2471,3611,,,,,,,,,,,,,,,,,,,,,,,,,,,,,,,,,,,,,,
108.16898,,,,,,,,,,,,,,,,,,,,,,,,,,,,,,,,,,,,,,,7697,3802,5197,4360,3453,4960,3403,2796,2175,3066,4329,2252,3743,3315,1298,5609,2760,3702,2807,3603,5441,3363,6838,4904,3820,2820,3317,1858,3873,4750,5097,3837,1709,3840,3791,4674,4419,7763
110.0058667,7448,3751,2783,4009,4993,1681,4683,6039,2907,5435,3022,3481,8564,2939,3388,4551,4347,2093,3749,2217,3172,3054,6811,2980,2070,3134,5473,6536,1639,4731,4623,3889,6146,10141,11424,6470,2775,4077,,,,,,,,,,,,,,,,,,,,,,,,,,,,,,,,,,,,,,
110.1687767,,,,,,,,,,,,,,,,,,,,,,,,,,,,,,,,,,,,,,,7927,4014,5272,4515,3572,4874,3473,3069,2388,3133,4269,2292,3731,3357,1340,5731,2928,3787,2858,3654,5514,3659,7224,4886,4080,2868,3511,1768,3773,5231,6099,4145,1974,4048,4251,5295,4768,10615
112.0058417,7486,4030,2878,4035,5093,1793,4902,6132,2915,5522,3089,3510,8455,2971,3382,4539,4454,2107,3722,2105,3247,3057,6943,3019,2181,3243,5652,6572,1529,4752,4538,4007,6636,11145,13819,6797,2929,4079,,,,,,,,,,,,,,,,,,,,,,,,,,,,,,,,,,,,,,
112.1690717,,,,,,,,,,,,,,,,,,,,,,,,,,,,,,,,,,,,,,,7755,3953,5277,4486,3351,4945,3302,2856,2269,3182,4420,2167,3738,3289,1297,5700,2702,3857,2704,3627,5451,3578,7554,4934,3837,2734,3214,1606,3789,5418,6275,4227,1999,4031,4087,5286,4965,12112
114.0058561,7552,3820,2911,4167,4870,1796,4985,6224,2994,5598,3141,3327,8532,2869,3211,4387,4577,2013,3641,2051,3300,2914,6957,2967,2026,3094,5261,6462,1495,4724,4449,3906,6480,11577,15045,6877,2849,4189,,,,,,,,,,,,,,,,,,,,,,,,,,,,,,,,,,,,,,
114.1687861,,,,,,,,,,,,,,,,,,,,,,,,,,,,,,,,,,,,,,,8010,4276,5683,4581,3380,5058,3434,2978,2379,3353,4447,2236,3807,3267,1365,6021,2776,3898,2828,3655,5540,3760,7978,4877,3840,2916,3370,1707,3593,5690,6596,4284,2048,3960,4299,5569,5056,13567
116.0067756,7851,3965,2863,4239,4983,1916,5104,6399,3061,5651,3444,3411,8559,3007,3253,4411,4539,2019,3627,2055,3346,2942,6970,2984,1993,3044,5232,6356,1544,4611,4283,3754,6482,11868,15445,6947,2711,4083,,,,,,,,,,,,,,,,,,,,,,,,,,,,,,,,,,,,,,
116.1698311,,,,,,,,,,,,,,,,,,,,,,,,,,,,,,,,,,,,,,,8349,4471,5699,4417,3346,5131,3528,2992,2262,3343,4593,2151,3613,3270,1268,6039,2780,4000,2700,3591,5326,3916,8033,4776,3717,2536,3240,1558,3606,5606,6396,4104,1891,3822,4022,5260,4968,13173
118.0059039,7902,3885,2970,4263,5141,1943,5036,6573,2958,5699,3357,3197,8864,2849,2986,4397,4601,1959,3533,2004,3501,2837,6967,2766,1962,3020,5151,6274,1465,4291,3945,3516,5995,11151,15095,6510,2535,3726,,,,,,,,,,,,,,,,,,,,,,,,,,,,,,,,,,,,,,
118.1689161,,,,,,,,,,,,,,,,,,,,,,,,,,,,,,,,,,,,,,,8527,4630,5921,4588,3452,5015,3525,2994,2471,3421,4476,2136,3622,3109,1242,5930,2892,4258,2762,3645,5811,4085,8140,4732,3777,2685,3232,1591,3552,5466,6100,4048,1798,3584,4076,5042,4712,12288
120.0059797,8015,4033,3098,4347,5154,1945,5136,6601,3136,5574,3559,3326,8782,2888,3212,4210,4558,1972,3694,2078,3476,2897,6773,2790,1933,2966,5154,6078,1369,3941,3540,3165,5565,10019,13450,5799,2263,3270,,,,,,,,,,,,,,,,,,,,,,,,,,,,,,,,,,,,,,
120.1690683,,,,,,,,,,,,,,,,,,,,,,,,,,,,,,,,,,,,,,,8760,4534,5873,4480,3306,5227,3544,3035,2345,3430,4640,2039,3705,3106,1250,6160,2797,4130,2671,3502,5681,4097,7952,4682,3505,2541,3137,1523,3450,4942,5460,3456,1485,3312,3508,4458,3933,10165
122.0059758,8114,3984,2866,4241,5127,1754,5105,6427,2998,5532,3559,3384,8975,2872,3053,4135,4536,1939,3751,1886,3680,2888,6829,2736,1864,2942,5055,6228,1415,3885,3165,2914,4828,8490,11053,4941,1887,2795,,,,,,,,,,,,,,,,,,,,,,,,,,,,,,,,,,,,,,
122.1690556,,,,,,,,,,,,,,,,,,,,,,,,,,,,,,,,,,,,,,,9057,4680,6156,4482,3383,5218,3392,2900,2277,3211,4539,1989,3754,3124,1298,6454,2777,4439,2599,3540,5712,4177,8155,4733,3515,2439,3068,1488,3423,4315,4773,2997,1312,2906,3028,3847,3384,8036
124.0059686,8212,3694,2862,4482,5002,1819,4961,6281,2958,5416,3712,3240,9001,2718,2969,4178,4569,1905,3506,1984,3765,2741,6735,2665,1796,2815,5007,6116,1306,3985,2998,2647,4069,6743,8931,4148,1697,2386,,,,,,,,,,,,,,,,,,,,,,,,,,,,,,,,,,,,,,
124.1690439,,,,,,,,,,,,,,,,,,,,,,,,,,,,,,,,,,,,,,,8954,4856,6013,4639,3362,5172,3364,2745,2170,3205,4653,2059,3600,3073,1214,6622,2750,4564,2643,3533,5850,4342,8157,4520,3473,2501,2927,1468,3274,3970,4096,2662,1246,2743,2857,3416,2978,6247
126.0060039,8504,3503,2717,4177,4760,1654,4816,5977,2801,5203,3833,3205,9034,2873,3037,4158,4570,1854,3620,1948,4373,2749,6519,2716,1812,2782,5029,5954,1309,4382,2916,2510,3680,5546,6821,3756,1603,2104,,,,,,,,,,,,,,,,,,,,,,,,,,,,,,,,,,,,,,
126.1692075,,,,,,,,,,,,,,,,,,,,,,,,,,,,,,,,,,,,,,,9146,4768,5959,4491,3226,5049,3279,2731,2061,3118,4657,1922,3802,3050,1198,7024,3044,4560,2643,3485,5899,4596,8070,4648,3468,2479,3033,1370,3303,3647,3653,2285,1194,2783,2500,2884,2834,5021
128.0061328,8317,3364,2520,4001,4453,1544,4576,5768,2630,5148,3917,3005,9161,2644,2748,4143,4419,1686,3403,1855,4088,2538,6473,2431,1716,2860,4692,5987,1226,4724,3019,2468,3348,4670,5436,3346,1516,2218,,,,,,,,,,,,,,,,,,,,,,,,,,,,,,,,,,,,,,
128.1692767,,,,,,,,,,,,,,,,,,,,,,,,,,,,,,,,,,,,,,,9079,4636,5822,4510,3192,5186,3209,2620,2021,2919,4710,1994,3578,3223,1253,6785,2911,4539,2662,3433,6105,4573,7899,4498,3291,2445,2981,1353,3331,3505,3243,2314,1233,2769,2419,2762,2851,4365
130.0060361,8517,3277,2371,4080,4424,1538,4462,5592,2520,5002,3803,3161,9063,2721,2776,4218,4552,1726,3516,1809,4073,2593,6625,2592,1728,2745,4685,5971,1210,5190,3368,2691,3698,4739,5114,3568,1619,2268,,,,,,,,,,,,,,,,,,,,,,,,,,,,,,,,,,,,,,
130.1692342,,,,,,,,,,,,,,,,,,,,,,,,,,,,,,,,,,,,,,,8892,4849,5811,4435,3152,4964,3102,2700,1907,2846,4727,2038,3712,2905,1267,7054,2869,4670,2691,3372,6293,4773,7563,4574,3417,2390,2978,1423,3268,3890,3410,2634,1393,3002,2661,3190,3277,4482
132.0060236,8448,3291,2299,4060,4353,1481,4614,5426,2522,4887,3792,3045,9252,2665,2786,4239,4677,1792,3587,1825,4002,2519,6443,2512,1647,2721,4755,5957,1209,5652,3478,2877,4403,5591,5810,4274,1786,2483,,,,,,,,,,,,,,,,,,,,,,,,,,,,,,,,,,,,,,
132.1690472,,,,,,,,,,,,,,,,,,,,,,,,,,,,,,,,,,,,,,,8985,4819,5764,4504,3056,5156,3101,2638,1874,2884,4754,2024,3835,2990,1129,7129,2944,4698,2733,3496,6775,4778,7614,4518,3451,2439,2825,1410,3195,4587,4044,2714,1472,3346,2988,3657,3671,5568
134.0065025,8613,3293,2349,3880,4313,1490,4796,5573,2577,4903,3741,2966,9278,2714,2838,4311,4603,1772,3508,1745,3903,2544,6433,2472,1612,2657,4571,5804,1162,5807,3537,3020,4822,7043,7655,4849,1916,2647,,,,,,,,,,,,,,,,,,,,,,,,,,,,,,,,,,,,,,
134.1696297,,,,,,,,,,,,,,,,,,,,,,,,,,,,,,,,,,,,,,,8756,4957,5677,4414,3237,5060,3125,2629,1909,2726,4715,2017,3707,2987,1184,6827,3119,4575,2788,3361,7059,4770,7277,4462,3443,2358,2852,1228,3121,5277,4697,3090,1486,3529,3195,3853,3836,7407
136.00624,9471,3178,2208,4028,4258,1444,4989,5700,2486,4908,3715,2864,9205,2586,2678,4145,4619,1705,3477,1727,3995,2497,6320,2400,1624,2709,4557,5702,1175,5676,3590,3006,5034,8265,9656,5035,1812,2768,,,,,,,,,,,,,,,,,,,,,,,,,,,,,,,,,,,,,,
136.1693181,,,,,,,,,,,,,,,,,,,,,,,,,,,,,,,,,,,,,,,8682,4730,5585,4389,3020,5053,3097,2573,1838,2628,4798,1903,3631,2972,1196,6789,3120,4539,2634,3338,7251,4770,7284,4431,3376,2383,2872,1277,3059,5740,5153,3146,1517,3527,3536,4156,3962,9105
138.0062031,9271,3060,2260,3902,4158,1423,4897,5538,2310,4825,3603,2873,9103,2595,2457,3918,4736,1610,3311,1645,3802,2264,6280,2120,1518,2533,4298,5390,1060,5359,3368,2762,4936,8913,10983,5027,1688,2849,,,,,,,,,,,,,,,,,,,,,,,,,,,,,,,,,,,,,,
138.1692969,,,,,,,,,,,,,,,,,,,,,,,,,,,,,,,,,,,,,,,8925,4990,5448,4404,3228,5023,3073,2571,1865,2669,4789,1897,3606,2884,1075,6554,3122,4641,2679,3308,7424,4717,7318,4403,3282,2402,2792,1215,2891,6041,5322,3157,1653,3550,3423,4165,4085,10258
140.0062803,8876,3026,2142,3855,4341,1441,4963,5777,2265,4659,3491,2803,8855,2579,2493,3958,4718,1562,3333,1561,3619,2360,6259,2128,1412,2563,4316,5410,1066,5052,3367,2813,4783,9197,12036,4823,1756,2722,,,,,,,,,,,,,,,,,,,,,,,,,,,,,,,,,,,,,,
140.1694914,,,,,,,,,,,,,,,,,,,,,,,,,,,,,,,,,,,,,,,8580,4798,5408,4396,2965,5152,3093,2479,1791,2591,4892,1793,3539,2850,1093,6403,3134,4433,2477,3304,7225,4552,7126,4206,3190,2177,2627,1108,2800,5904,5262,2930,1510,3329,3260,3986,4071,10659
142.0060561,8783,3268,2273,3826,4290,1414,5146,5917,2481,4795,3618,2842,8887,2550,2427,4109,4816,1517,3388,1658,3791,2381,6030,2122,1381,2643,4329,5281,1047,4783,3394,2728,4947,9315,12544,4761,1712,2535,,,,,,,,,,,,,,,,,,,,,,,,,,,,,,,,,,,,,,
142.1691994,,,,,,,,,,,,,,,,,,,,,,,,,,,,,,,,,,,,,,,8662,4695,5296,4386,2954,5163,3062,2642,1851,2551,4870,1907,3546,2855,1140,6447,3229,4262,2699,3363,7198,4679,7091,4342,3278,2205,2621,1059,2674,6088,5314,3011,1463,3261,3190,4025,3852,10667
144.0062083,8581,3012,2101,3846,4238,1444,4831,5849,2379,4770,3465,2633,8823,2546,2347,4157,4548,1473,3233,1554,3718,2233,6257,2070,1433,2350,4188,5138,1073,4067,2913,2375,4314,8605,11844,4326,1575,2370,,,,,,,,,,,,,,,,,,,,,,,,,,,,,,,,,,,,,,
144.1694381,,,,,,,,,,,,,,,,,,,,,,,,,,,,,,,,,,,,,,,8831,4675,5226,4422,3070,5240,3071,2522,1794,2532,4979,1821,3479,2953,1112,6377,3352,4154,2699,3343,7278,4568,7171,4240,3125,2219,2613,1110,2594,5853,4937,2841,1370,3181,3054,3649,3653,10232
146.0060839,8842,3125,2160,3839,4305,1537,5214,5941,2476,4979,3445,2747,8892,2609,2429,4374,4985,1536,3355,1549,3714,2340,6184,2077,1366,2533,4286,5234,962,4162,2795,2269,4140,7767,11555,4107,1474,2110,,,,,,,,,,,,,,,,,,,,,,,,,,,,,,,,,,,,,,
146.1696178,,,,,,,,,,,,,,,,,,,,,,,,,,,,,,,,,,,,,,,8842,4581,5256,4457,3045,5350,3131,2426,1758,2484,5283,1813,3438,2772,1111,6540,3309,4182,2533,3273,7185,4367,7217,4063,3063,2168,2651,1091,2556,5322,4579,2549,1183,2972,2786,3294,3371,9127
148.0061425,8782,3091,2092,3833,4199,1520,5297,5920,2472,4769,3419,2827,8774,2526,2517,4579,5187,1419,3321,1535,3762,2372,6297,2058,1389,2575,4192,5295,988,3825,2653,2206,3774,6943,9906,3675,1327,1967,,,,,,,,,,,,,,,,,,,,,,,,,,,,,,,,,,,,,,
148.1693211,,,,,,,,,,,,,,,,,,,,,,,,,,,,,,,,,,,,,,,8832,4491,5192,4385,3026,7224,3079,2498,1752,2516,5887,1751,3466,2777,1081,6583,3478,4210,2438,3287,6869,4369,7118,4048,3128,2100,2601,1101,2631,4818,4234,2276,1146,2734,2570,3034,3123,7862
150.0061192,8840,2999,2048,3646,4175,1372,5070,5710,2251,4714,3237,2734,8744,2591,2339,4836,6028,1457,3403,1544,3544,2187,6257,1999,1295,2554,4036,5241,972,3712,2577,2042,3280,5885,8204,3184,1241,1771,,,,,,,,,,,,,,,,,,,,,,,,,,,,,,,,,,,,,,
150.1694228,,,,,,,,,,,,,,,,,,,,,,,,,,,,,,,,,,,,,,,8592,4496,5138,4446,3044,5685,2907,2445,1693,2533,6503,1742,3600,2829,1039,6539,3608,4167,2438,3213,6662,4353,7142,3977,2994,2049,2472,1060,2596,4461,3654,2001,1081,2653,2342,2707,2842,6481
152.0062475,8783,2853,1935,3600,4076,1330,5007,5725,2237,4601,3261,2510,8612,2595,2195,6355,6884,1484,3229,1503,3564,2209,6656,1937,1333,2579,3922,4924,898,3913,2692,1990,2979,4877,6870,2957,1136,1643,,,,,,,,,,,,,,,,,,,,,,,,,,,,,,,,,,,,,,
152.1696519,,,,,,,,,,,,,,,,,,,,,,,,,,,,,,,,,,,,,,,8624,4299,5026,4499,2913,5545,2929,2307,1682,2340,5713,1750,3493,2880,1076,6747,3711,4020,2520,3269,6512,4271,7196,3919,3034,2056,2545,1123,2583,4226,3398,1877,1102,2756,2232,2544,2850,5542
154.0061986,8482,2642,1821,3468,3880,1289,4948,5567,2227,4251,3150,2600,8590,2513,2166,5051,6464,1341,3175,1454,3529,2220,7215,1945,1282,2604,3688,4950,910,4163,2816,1976,2998,4498,7690,2765,1208,1722,,,,,,,,,,,,,,,,,,,,,,,,,,,,,,,,,,,,,,
154.1693669,,,,,,,,,,,,,,,,,,,,,,,,,,,,,,,,,,,,,,,8672,4162,4767,4419,2823,5383,2884,2252,1582,2303,5341,1715,3469,2667,1063,6087,3577,4041,2484,3193,6397,4069,7175,3946,3024,1994,2444,1057,2548,4338,3180,1820,1254,2962,2114,2391,3098,5017
156.0062211,8174,2524,1827,3315,3666,1238,4760,6084,2042,4248,2934,2434,8563,2510,2059,4652,6241,1293,3060,1423,3422,2121,10534,1796,1296,2594,3766,4805,867,4426,3008,2152,3070,4413,6533,2824,1243,1789,,,,,,,,,,,,,,,,,,,,,,,,,,,,,,,,,,,,,,
156.1694028,,,,,,,,,,,,,,,,,,,,,,,,,,,,,,,,,,,,,,,8552,3989,4821,4301,2670,5363,2791,2195,1489,2275,5405,1746,3381,2712,996,6069,3605,3894,2429,3184,6444,3989,7041,3756,2823,2013,2391,1062,2288,5048,3169,2031,1432,3397,2261,2497,3453,4838
158.0062656,8162,2525,1809,3380,3693,1294,5013,6335,2176,4309,3046,2554,8404,2581,2164,4470,5730,1367,3166,1518,3475,2319,8750,1893,1210,2595,3859,4940,863,4692,3274,2394,3385,4925,7754,3288,1339,1998,,,,,,,,,,,,,,,,,,,,,,,,,,,,,,,,,,,,,,
158.1694744,,,,,,,,,,,,,,,,,,,,,,,,,,,,,,,,,,,,,,,8530,3963,4755,4213,2729,5170,2697,2291,1576,2157,5244,1717,3366,2703,1019,6314,3742,3916,2487,3260,6250,3964,6936,3760,2970,2112,2525,1008,2425,5928,3709,2192,1470,3554,2557,2923,4337,5500
160.0064206,8087,2532,1857,3408,3689,1371,5031,6296,2185,4328,3098,2515,8215,2718,2165,4643,5560,1310,3117,1481,3489,2315,8204,1834,1221,2729,3732,4700,883,4796,3443,2465,3682,5938,9306,3498,1331,2147,,,,,,,,,,,,,,,,,,,,,,,,,,,,,,,,,,,,,,
160.1696083,,,,,,,,,,,,,,,,,,,,,,,,,,,,,,,,,,,,,,,8582,3699,4497,4220,2599,5058,2741,2067,1496,2158,5129,1608,3347,2632,990,6111,3523,3724,2252,3020,5968,3637,6806,3517,2700,1890,2335,974,2504,6813,3783,2141,1481,3613,2612,2902,6289,6466
162.0062572,7916,2593,1745,3378,3666,1387,4848,6115,2093,4369,2979,2419,8278,2721,2142,4736,5419,1310,3109,1398,3297,2212,8060,1886,1179,2728,3650,4811,858,4741,3433,2515,3807,6620,11220,3648,1361,2062,,,,,,,,,,,,,,,,,,,,,,,,,,,,,,,,,,,,,,
162.1694817,,,,,,,,,,,,,,,,,,,,,,,,,,,,,,,,,,,,,,,8466,3921,4518,4154,2591,5062,2720,2116,1525,2000,5145,1584,3179,2669,972,5909,3470,3793,2247,3083,6042,3635,6791,3580,2600,1778,2286,955,2297,7909,4017,2363,1594,3876,2553,3020,5341,7789
164.0064681,8214,2616,1838,3540,3858,1457,4908,6219,2170,4387,2922,2369,8047,2720,2055,4508,5366,1357,3119,1411,3266,2257,7963,1809,1261,2874,3714,4781,871,4670,3458,2506,3832,7220,13008,3843,1440,2207,,,,,,,,,,,,,,,,,,,,,,,,,,,,,,,,,,,,,,
164.1697594,,,,,,,,,,,,,,,,,,,,,,,,,,,,,,,,,,,,,,,8409,3812,4513,4212,2561,5090,2759,2169,1434,2172,5026,1550,3367,2654,966,5756,3337,3697,2207,3128,5864,3604,6759,3528,2707,1827,2296,1009,2269,8816,4181,2220,1655,3861,2599,3223,5044,8937
166.0065156,8020,2697,1831,3333,3810,1512,4829,6252,2197,4573,2806,2410,7831,2837,2020,4536,5266,1325,3183,1427,3286,2289,7962,1821,1290,3266,3624,4773,818,4424,3620,2570,3919,7445,13705,3905,1376,2139,,,,,,,,,,,,,,,,,,,,,,,,,,,,,,,,,,,,,,
166.1698786,,,,,,,,,,,,,,,,,,,,,,,,,,,,,,,,,,,,,,,8371,3774,4391,4350,2698,5099,2628,2145,1466,2199,5000,1562,3303,2696,968,5729,3410,3572,2300,2989,5891,3680,6749,3582,2734,1907,2289,967,2409,9153,4274,2181,1779,4126,2633,3142,4787,9469
168.0063881,8078,2633,1825,3352,3831,1591,4924,6213,2228,4537,2909,2459,8087,2955,2009,4387,5423,1333,3107,1378,3254,2325,7916,1845,1253,3698,3652,4650,839,3982,3478,2371,3844,7757,13834,3670,1280,2123,,,,,,,,,,,,,,,,,,,,,,,,,,,,,,,,,,,,,,
168.1696319,,,,,,,,,,,,,,,,,,,,,,,,,,,,,,,,,,,,,,,8444,3837,4582,4318,2702,5075,2576,2118,1573,2252,5067,1636,3294,2815,976,5783,3482,3649,2305,3148,5813,3616,6690,3550,2705,1826,2352,951,2417,9263,4397,2331,1887,4522,2680,3109,4616,9845
170.0066103,7943,2383,1792,3333,3744,1597,4691,6046,2157,4478,2760,2354,7554,3058,1921,4333,5273,1134,3076,1486,3179,2256,7770,1767,1207,3706,3493,4481,815,3767,3234,2235,3404,7208,13183,3369,1289,1989,,,,,,,,,,,,,,,,,,,,,,,,,,,,,,,,,,,,,,
170.1699014,,,,,,,,,,,,,,,,,,,,,,,,,,,,,,,,,,,,,,,8559,3681,4256,4416,2686,5048,2529,2048,1532,2178,4956,1575,3207,2715,955,5750,3307,3451,2204,2934,5695,3562,6681,3543,2600,1780,2283,947,2267,8495,4180,2168,1778,4449,2349,2896,4345,9300
172.006755,8013,2516,1809,3272,3846,1695,4593,5878,2248,4275,2696,2370,7715,3336,2010,4268,5532,1184,3105,1443,3161,2339,7773,1802,1223,3987,3718,4560,865,3487,3006,2146,3325,6732,12280,3242,1155,1862,,,,,,,,,,,,,,,,,,,,,,,,,,,,,,,,,,,,,,
172.1700817,,,,,,,,,,,,,,,,,,,,,,,,,,,,,,,,,,,,,,,8214,3543,4307,4271,2716,5023,2529,2105,1511,2099,5023,1474,3206,2772,959,5689,3284,3492,2226,3017,5524,3540,6624,3512,2682,1762,2219,955,2399,7240,3861,1939,1605,4081,2302,2651,3680,8584
174.0065867,7738,2345,1748,3245,3604,1572,4412,5794,2190,4312,2694,2234,7657,3161,1889,4180,5331,1216,3039,1295,3014,2294,7653,1705,1186,3728,3423,4464,871,3299,2835,1895,2904,6042,10458,2893,1062,1825,,,,,,,,,,,,,,,,,,,,,,,,,,,,,,,,,,,,,,
174.1700358,,,,,,,,,,,,,,,,,,,,,,,,,,,,,,,,,,,,,,,8208,3567,4253,4380,2616,4951,2564,2077,1537,2154,5038,1499,3316,2723,957,5556,3174,3499,2252,3059,5444,3484,6552,3555,2697,1827,2174,909,2255,6202,3566,1866,1542,3921,2055,2421,3344,7540
176.0084486,7442,2446,1734,3032,3666,1598,4352,5696,2194,4375,2570,2285,7866,3071,1994,4148,5191,1190,3292,1379,3013,2373,7440,1716,1185,3824,3537,4384,852,3499,2970,2016,2782,5096,8532,2813,1028,1710,,,,,,,,,,,,,,,,,,,,,,,,,,,,,,,,,,,,,,
176.1721489,,,,,,,,,,,,,,,,,,,,,,,,,,,,,,,,,,,,,,,8130,3420,4090,4275,2630,4856,2460,1985,1469,2032,4877,1453,3216,2790,961,5404,3061,3385,2193,2927,5382,3338,6482,3263,2627,1771,2237,932,2263,5425,3164,1769,1571,3615,1892,2126,3172,6496