Time,dkaiA_wt.1.1.a,dkaiA_wt.1.2.a,dkaiA_wt.1.3.a,dkaiA_wt.2.1.a,dkaiA_wt.2.2.a,dkaiA_wt.2.3.a,dkaiA_wt.3.1.a,dkaiA_wt.3.2.a,dkaiA_wt.4.1.a,dkaiA_wt.4.2.a,dkaiA_ctrl.1.1.a,dkaiA_ctrl.1.2.a,dkaiA_ctrl.1.3.a,dkaiA_ctrl.2.1.a,dkaiA_ctrl.2.2.a,dkaiA_ctrl.2.3.a,dkaiA_ctrl.3.1.a,dkaiA_ctrl.3.2.a,dkaiA_ctrl.4.1.a,dkaiA_ctrl.4.2.a,dkaiA_148.1.1.a,dkaiA_148.1.2.a,dkaiA_148.1.3.a,dkaiA_148.2.1.a,dkaiA_148.2.2.a,dkaiA_148.2.3.a,dkaiA_148.3.1.a,dkaiA_148.3.2.a,dkaiA_148.4.1.a,dkaiA_148.4.2.a,dkaiA_L156A.1.1.a,dkaiA_L156A.1.2.a,dkaiA_L156A.1.3.a,dkaiA_L156A.2.1.a,dkaiA_L156A.2.2.a,dkaiA_L156A.2.3.a,dkaiA_L156A.3.1.a,dkaiA_L156A.3.2.a,dkaiA_L156A.4.1.a,dkaiA_L156A.4.2.a,dkaiA_148L156A.1.1.a,dkaiA_148L156A.1.2.a,dkaiA_148L156A.1.3.a,dkaiA_148L156A.2.1.a,dkaiA_148L156A.2.2.a,dkaiA_148L156A.2.3.a,dkaiA_148L156A.3.1.a,dkaiA_148L156A.3.2.a,dkaiA_148L156A.4.1.a,dkaiA_148L156A.4.2.a,dkaiA_164.1.1.a,dkaiA_164.1.2.a,dkaiA_164.1.3.a,dkaiA_164.2.1.a,dkaiA_164.2.2.a,dkaiA_164.2.3.a,dkaiA_164.3.1.a,dkaiA_164.3.2.a,dkaiA_164.4.1.a,dkaiA_164.4.2.a,dkaiA_181.1.1.a,dkaiA_181.1.2.a,dkaiA_181.1.3.a,dkaiA_181.2.1.a,dkaiA_181.2.2.a,dkaiA_181.3.1.a,dkaiA_181.3.2.a,dkaiA_181.4.1.a,dkaiA_181.4.2.a,kaiA148.1.1.a,kaiA148.1.2.a,kaiA148.1.3.a,kaiA148.1.4.a,kaiA148.1.5.a,kaiA148.2.1.a,kaiA148.2.2.a,kaiA148.2.3.a,kaiA148.2.4.a,kaiA148L156A.1.1.a,kaiA148L156A.1.2.a,kaiA148L156A.1.3.a,kaiA148L156A.1.4.a,kaiA148L156A.1.5.a,kaiA148L156A.2.1.a,kaiA148L156A.2.2.a,kaiA148L156A.2.3.a,kaiA148L156A.2.4.a,kaiA.1.1.a,kaiA.1.2.a,kaiA.1.3.a,kaiA.1.4.a,kaiA.1.5.a,kaiA.1.6.a,kaiA.1.7.a,kaiA.1.8.a,kaiA.1.9.a,dkaiA_wt.1.1.b,dkaiA_wt.1.2.b,dkaiA_wt.1.3.b,dkaiA_wt.2.1.b,dkaiA_wt.2.2.b,dkaiA_wt.2.3.b,dkaiA_wt.3.1.b,dkaiA_wt.3.2.b,dkaiA_wt.4.1.b,dkaiA_wt.4.2.b,dkaiA_ctrl.1.1.b,dkaiA_ctrl.1.2.b,dkaiA_ctrl.1.3.b,dkaiA_ctrl.2.1.b,dkaiA_ctrl.2.2.b,dkaiA_ctrl.2.3.b,dkaiA_ctrl.3.1.b,dkaiA_ctrl.3.2.b,dkaiA_ctrl.4.1.b,dkaiA_ctrl.4.2.b,dkaiA_148.1.1.b,dkaiA_148.1.2.b,dkaiA_148.1.3.b,dkaiA_148.2.1.b,dkaiA_148.2.2.b,dkaiA_148.2.3.b,dkaiA_148.3.1.b,dkaiA_148.3.2.b,dkaiA_148.4.1.b,dkaiA_148.4.2.b,dkaiA_L156A.1.1.b,dkaiA_L156A.1.2.b,dkaiA_L156A.1.3.b,dkaiA_L156A.2.1.b,dkaiA_L156A.2.2.b,dkaiA_L156A.2.3.b,dkaiA_L156A.3.1.b,dkaiA_L156A.3.2.b,dkaiA_L156A.4.1.b,dkaiA_L156A.4.2.b,dkaiA_148L156A.1.1.b,dkaiA_148L156A.1.2.b,dkaiA_148L156A.1.3.b,dkaiA_148L156A.2.1.b,dkaiA_148L156A.2.2.b,dkaiA_148L156A.2.3.b,dkaiA_148L156A.3.1.b,dkaiA_148L156A.3.2.b,dkaiA_148L156A.4.1.b,dkaiA_148L156A.4.2.b,dkaiA_164.1.1.b,dkaiA_164.1.2.b,dkaiA_164.1.3.b,dkaiA_164.2.1.b,dkaiA_164.2.2.b,dkaiA_164.2.3.b,dkaiA_164.3.1.b,dkaiA_164.3.2.b,dkaiA_164.4.1.b,dkaiA_164.4.2.b,dkaiA_181.1.1.b,dkaiA_181.1.2.b,dkaiA_181.1.3.b,dkaiA_181.2.1.b,dkaiA_181.2.2.b,dkaiA_181.3.1.b,dkaiA_181.3.2.b,dkaiA_181.4.1.b,dkaiA_181.4.2.b,kaiA148.1.1.b,kaiA148.1.2.b,kaiA148.1.3.b,kaiA148.2.1.b,kaiA148.2.2.b,kaiA148.3.1.b,kaiA148.3.2.b,kaiA148.4.1.b,kaiA148.4.2.b,kaiA148L156A.1.1.b,kaiA148L156A.1.2.b,kaiA148L156A.1.3.b,kaiA148L156A.2.1.b,kaiA148L156A.2.2.b,kaiA148L156A.3.1.b,kaiA148L156A.3.2.b,kaiA148L156A.4.1.b,kaiA148L156A.4.2.b,kaiA.1.1.b,kaiA.1.2.b,kaiA.1.3.b,kaiA.1.4.b,kaiA.1.5.b,kaiA.1.6.b,kaiA.1.7.b,kaiA.1.8.b,kaiA.1.9.b
3.054722222,1639,2409,2590,1772,2420,2963,1983,2920,2184,2765,318,250,263,236,231,402,294,281,270,256,334,193,270,216,218,385,316,351,309,328,1462,1717,2207,1674,1665,2200,1668,2231,1535,1879,1471,1482,2142,1660,1563,1939,1385,1727,1446,1942,782,667,1014,952,833,935,710,878,668,1011,1058,1233,1852,1209,1174,1044,1362,1301,1596,421,391,286,407,464,355,207,313,343,1377,1700,1384,1586,2141,1684,1384,1549,1533,1326,1453,1659,1287,1589,1921,1546,1720,1859,,,,,,,,,,,,,,,,,,,,,,,,,,,,,,,,,,,,,,,,,,,,,,,,,,,,,,,,,,,,,,,,,,,,,,,,,,,,,,,,,,,,,,,,,,,,,,,,
5.054722222,1075,1441,1620,1224,1437,1794,1196,1644,1241,1583,222,129,138,144,153,177,153,134,161,157,230,133,120,131,156,202,196,205,163,167,1011,925,1095,877,937,1152,1017,1379,1033,1262,1319,1314,1568,1293,1435,1713,1131,1554,1179,1490,686,473,630,581,560,567,431,548,518,581,956,986,1242,859,860,703,966,739,952,291,212,184,217,255,208,165,169,184,1312,1260,1012,1356,1260,1414,1181,1249,1374,1046,1038,1065,915,1057,1101,862,1164,1130,,,,,,,,,,,,,,,,,,,,,,,,,,,,,,,,,,,,,,,,,,,,,,,,,,,,,,,,,,,,,,,,,,,,,,,,,,,,,,,,,,,,,,,,,,,,,,,,
7.054722222,2168,2549,2863,2910,2441,2918,2798,2852,2496,2541,292,151,177,202,151,192,229,196,209,152,294,142,138,198,162,264,227,252,229,155,1280,1096,1135,1021,983,1338,1210,1258,1264,1651,2457,2169,2345,2775,2205,2997,1933,2449,2014,2250,1015,600,860,895,605,565,530,694,484,691,1444,1034,1688,1066,801,800,945,752,976,366,239,211,249,314,304,192,211,258,2182,1877,1275,1790,2263,2308,1701,1457,1996,2282,2599,2309,2187,2306,2759,2131,2402,2311,,,,,,,,,,,,,,,,,,,,,,,,,,,,,,,,,,,,,,,,,,,,,,,,,,,,,,,,,,,,,,,,,,,,,,,,,,,,,,,,,,,,,,,,,,,,,,,,
9.054722222,3203,4062,4101,4140,3838,5579,4127,3826,4238,4063,381,190,237,267,194,354,282,233,192,207,354,194,219,221,198,365,356,266,241,200,1245,1306,1106,1152,999,1705,1161,1317,1498,1757,2807,3095,2556,3553,2945,3773,2203,3214,2379,3266,1029,522,981,839,565,471,516,626,407,712,1312,948,1624,1040,760,683,883,662,976,510,266,267,288,444,382,218,293,294,3033,2989,1291,2884,4041,3322,2176,1689,3432,3392,4259,4060,3613,3681,3985,3451,4745,4922,,,,,,,,,,,,,,,,,,,,,,,,,,,,,,,,,,,,,,,,,,,,,,,,,,,,,,,,,,,,,,,,,,,,,,,,,,,,,,,,,,,,,,,,,,,,,,,,
11.05472222,3447,5406,5637,4640,4564,7340,4912,4994,5346,5164,480,238,314,347,228,383,406,316,301,288,460,245,256,308,261,475,382,352,300,319,1264,1241,964,1145,1088,1791,1022,1140,1388,1689,2886,3033,2415,3675,3293,4386,1994,3655,2568,3763,804,395,750,719,505,377,423,571,375,578,998,764,1480,755,638,580,763,507,845,553,433,477,442,640,498,281,385,458,3493,3669,1226,3740,5273,3909,2574,1690,4521,4575,5753,5659,4850,5109,5418,4605,6464,6865,,,,,,,,,,,,,,,,,,,,,,,,,,,,,,,,,,,,,,,,,,,,,,,,,,,,,,,,,,,,,,,,,,,,,,,,,,,,,,,,,,,,,,,,,,,,,,,,
13.05472222,5186,6012,6171,8378,5076,8950,7380,4365,6923,4992,574,423,422,430,387,413,528,460,502,346,593,424,249,371,421,439,602,497,556,322,2047,1356,747,1341,1203,1514,1165,1267,1519,1475,5029,2671,1650,3747,2833,3377,1761,3025,2130,2801,994,405,637,849,523,243,487,515,340,529,1364,605,1073,817,546,589,561,364,691,811,748,584,658,638,765,473,704,610,6122,4160,1043,3420,5783,5215,2765,1527,4484,9427,8755,7797,5815,5187,4891,4953,7580,8362,,,,,,,,,,,,,,,,,,,,,,,,,,,,,,,,,,,,,,,,,,,,,,,,,,,,,,,,,,,,,,,,,,,,,,,,,,,,,,,,,,,,,,,,,,,,,,,,
15.05472222,3298,3886,4066,5792,3173,5814,4910,2529,4555,2918,186,152,130,130,148,136,194,163,161,162,217,141,93,143,139,145,210,165,196,112,876,498,282,474,454,533,453,450,579,535,2716,1433,657,1945,1488,1731,836,1537,939,1430,424,178,206,314,179,95,200,159,125,165,590,216,451,305,266,231,223,170,250,274,262,237,243,224,287,171,214,209,3549,2232,440,1829,3227,2863,1274,689,2413,6331,5705,5300,3734,3285,3069,3123,4974,5634,,,,,,,,,,,,,,,,,,,,,,,,,,,,,,,,,,,,,,,,,,,,,,,,,,,,,,,,,,,,,,,,,,,,,,,,,,,,,,,,,,,,,,,,,,,,,,,,
17.05472222,1632,2081,2203,3070,1596,2999,2612,1150,2317,1361,91,57,72,74,64,70,99,83,90,59,126,63,60,70,54,76,118,79,79,68,326,170,148,197,144,213,183,178,212,198,1243,632,236,919,651,815,317,697,373,613,147,68,93,111,82,66,109,96,84,85,295,96,215,118,124,91,93,76,116,155,114,106,119,110,131,109,95,95,1851,1077,157,850,1602,1332,589,279,1204,3824,3322,3162,2051,2085,1697,1685,2864,3343,,,,,,,,,,,,,,,,,,,,,,,,,,,,,,,,,,,,,,,,,,,,,,,,,,,,,,,,,,,,,,,,,,,,,,,,,,,,,,,,,,,,,,,,,,,,,,,,
19.05472222,749,890,1012,1492,748,1421,1221,452,1136,579,51,55,66,45,43,51,52,58,77,45,74,55,46,69,39,46,66,44,42,39,133,80,71,96,45,103,108,90,117,75,498,254,89,389,356,371,141,326,152,254,87,58,39,96,48,57,57,65,56,41,136,73,120,96,82,57,66,39,71,107,70,69,80,68,117,60,71,85,873,544,87,348,689,669,243,117,494,1960,1794,1621,1112,1070,729,735,1510,1722,,,,,,,,,,,,,,,,,,,,,,,,,,,,,,,,,,,,,,,,,,,,,,,,,,,,,,,,,,,,,,,,,,,,,,,,,,,,,,,,,,,,,,,,,,,,,,,,
21.05472222,307,408,474,696,270,575,566,173,524,217,32,2,23,44,14,10,46,28,39,43,43,44,34,15,31,19,38,34,32,33,73,49,35,62,15,46,61,30,59,34,237,86,43,208,137,167,76,100,85,90,36,33,48,38,25,19,40,51,42,27,95,27,36,71,42,33,42,5,26,49,43,42,33,30,53,43,27,28,382,189,45,169,265,282,96,62,196,952,917,855,462,456,358,324,761,734,,,,,,,,,,,,,,,,,,,,,,,,,,,,,,,,,,,,,,,,,,,,,,,,,,,,,,,,,,,,,,,,,,,,,,,,,,,,,,,,,,,,,,,,,,,,,,,,
23.05472222,145,168,196,293,147,258,262,105,233,108,36,12,22,18,6,26,30,42,9,39,36,21,13,32,38,42,34,33,44,21,58,34,32,33,21,47,56,35,29,40,108,58,19,55,53,76,26,62,33,45,50,19,30,26,36,22,31,21,41,24,45,25,14,32,21,34,28,14,34,42,15,21,2,16,20,29,17,25,171,93,17,75,120,144,76,36,72,477,371,355,200,205,150,174,302,326,,,,,,,,,,,,,,,,,,,,,,,,,,,,,,,,,,,,,,,,,,,,,,,,,,,,,,,,,,,,,,,,,,,,,,,,,,,,,,,,,,,,,,,,,,,,,,,,
25.05472222,289,205,229,284,183,289,242,202,242,147,148,82,72,106,83,109,105,76,93,50,134,78,75,61,85,113,99,90,82,84,176,144,124,156,157,193,155,151,175,183,290,210,118,223,185,185,132,206,163,196,152,70,133,125,96,73,84,77,88,101,183,79,135,165,132,103,125,60,123,151,100,97,69,128,119,71,84,77,234,213,128,199,241,224,142,145,239,244,284,257,209,225,240,239,217,206,,,,,,,,,,,,,,,,,,,,,,,,,,,,,,,,,,,,,,,,,,,,,,,,,,,,,,,,,,,,,,,,,,,,,,,,,,,,,,,,,,,,,,,,,,,,,,,,
27.05472222,337,232,292,436,266,299,283,334,298,336,191,125,110,164,95,94,100,115,81,119,183,110,105,113,100,104,138,112,101,102,547,480,462,430,579,611,441,614,519,634,475,302,241,312,295,283,304,293,304,362,189,75,100,107,96,78,94,94,86,72,509,343,629,429,479,435,553,332,614,218,119,147,111,128,152,113,159,117,330,245,295,242,191,264,237,309,167,204,162,215,131,207,178,178,149,137,,,,,,,,,,,,,,,,,,,,,,,,,,,,,,,,,,,,,,,,,,,,,,,,,,,,,,,,,,,,,,,,,,,,,,,,,,,,,,,,,,,,,,,,,,,,,,,,
29.05472222,787,905,990,1164,956,897,682,1373,867,1160,246,198,180,196,147,157,194,198,154,166,249,178,154,200,173,192,224,245,182,224,1488,1763,1451,1487,1952,2250,1104,2395,1629,1998,914,842,766,725,793,837,902,991,929,1028,294,160,237,193,192,140,167,176,134,196,1578,1589,2126,1628,1867,1416,2333,1088,2494,311,236,326,246,218,256,317,349,252,504,426,611,523,419,358,507,679,452,486,405,394,355,479,545,456,372,277,,,,,,,,,,,,,,,,,,,,,,,,,,,,,,,,,,,,,,,,,,,,,,,,,,,,,,,,,,,,,,,,,,,,,,,,,,,,,,,,,,,,,,,,,,,,,,,,
31.05472222,1810,2399,2638,2807,2478,2795,1358,3304,2064,2989,368,268,320,366,234,244,295,392,281,360,370,261,328,337,269,345,312,380,367,393,2264,2863,1983,2147,3125,3513,1609,3817,2446,3175,1600,1914,1638,1307,1823,1708,1906,2002,2009,2430,387,255,394,288,292,254,283,333,228,381,2273,2014,3021,2450,2571,2238,3480,1384,3557,543,483,627,581,451,472,592,679,402,746,640,1042,969,749,572,908,1190,917,1352,1036,1194,1064,1637,1598,1395,1261,874,,,,,,,,,,,,,,,,,,,,,,,,,,,,,,,,,,,,,,,,,,,,,,,,,,,,,,,,,,,,,,,,,,,,,,,,,,,,,,,,,,,,,,,,,,,,,,,,
33.05472222,2472,4393,5217,4634,4079,5958,2132,4574,3671,4795,495,463,456,453,414,350,390,526,437,536,474,425,356,392,381,494,466,550,507,568,2456,3401,2309,2330,3411,3780,1960,3975,2856,3690,2425,2717,2346,1961,2975,2573,2510,3367,2712,3781,541,350,597,349,428,317,348,530,359,527,2163,2036,2876,2297,2432,2077,3059,1272,3483,846,796,915,853,680,720,883,1051,657,1097,986,1546,1678,1286,946,1466,1806,1760,3345,2308,3057,2544,3388,2793,3260,3739,2593,,,,,,,,,,,,,,,,,,,,,,,,,,,,,,,,,,,,,,,,,,,,,,,,,,,,,,,,,,,,,,,,,,,,,,,,,,,,,,,,,,,,,,,,,,,,,,,,
35.05472222,3185,5934,7128,6046,5126,8386,2770,5455,5140,6058,555,469,540,501,448,426,460,677,527,726,481,501,490,498,462,618,519,608,624,733,2446,2965,1992,2052,2878,3157,1767,3326,2540,3317,2884,3278,2597,2272,3407,3421,2598,4059,2683,4443,617,450,663,411,487,397,443,544,431,574,1629,1400,1951,1567,1624,1514,2035,964,2348,1031,944,1169,949,854,829,998,1346,764,1761,1498,1691,2534,2159,1422,2007,2223,2916,5345,3746,4891,4239,4770,3921,5233,6867,4840,,,,,,,,,,,,,,,,,,,,,,,,,,,,,,,,,,,,,,,,,,,,,,,,,,,,,,,,,,,,,,,,,,,,,,,,,,,,,,,,,,,,,,,,,,,,,,,,
37.05472222,3431,6340,8041,6700,5414,9259,2855,6042,5533,6548,591,468,517,498,475,401,526,679,525,920,551,477,494,536,438,539,578,647,628,794,2123,2401,1610,1638,2304,2492,1426,2606,2113,2648,2868,3049,1828,2047,3100,3341,1920,3580,2041,4049,595,458,719,437,484,518,498,646,520,614,1186,969,1188,957,1069,1035,1196,714,1278,1160,919,1427,997,948,831,1065,1276,803,2644,2087,1751,3584,2945,2010,2670,2506,4273,7366,4522,6469,5716,6021,5310,6616,9327,5972,,,,,,,,,,,,,,,,,,,,,,,,,,,,,,,,,,,,,,,,,,,,,,,,,,,,,,,,,,,,,,,,,,,,,,,,,,,,,,,,,,,,,,,,,,,,,,,,
39.05472222,2838,5827,7224,6001,4392,8325,2754,4713,4719,5427,624,405,470,517,416,415,476,557,476,820,578,411,499,683,419,504,528,501,498,837,1742,1965,1395,1360,1737,2109,1145,2002,1767,2080,2359,2131,1101,1536,2087,2634,1281,2370,1261,2661,597,484,694,410,491,512,463,623,455,568,879,673,729,736,696,707,847,547,839,1139,782,1399,860,874,719,952,1116,733,3224,2427,1746,4050,3178,2359,2848,2451,4767,7281,4293,6115,5429,5153,4736,6098,9090,5428,,,,,,,,,,,,,,,,,,,,,,,,,,,,,,,,,,,,,,,,,,,,,,,,,,,,,,,,,,,,,,,,,,,,,,,,,,,,,,,,,,,,,,,,,,,,,,,,
41.05472222,2037,3888,5183,4664,2911,5955,2081,2874,3518,3422,520,449,412,507,372,350,466,504,388,678,602,364,426,577,325,423,500,462,459,683,1574,1660,1223,1243,1420,1951,1126,1785,1560,1815,1854,1417,723,1094,1318,1750,905,1429,832,1505,600,502,835,474,466,514,519,556,520,585,744,686,614,587,594,638,655,659,700,1083,718,1133,771,759,691,836,943,657,3572,2651,1724,4198,2935,2456,3016,2591,4421,5623,3187,4036,3656,3209,3053,3953,6065,3871,,,,,,,,,,,,,,,,,,,,,,,,,,,,,,,,,,,,,,,,,,,,,,,,,,,,,,,,,,,,,,,,,,,,,,,,,,,,,,,,,,,,,,,,,,,,,,,,
43.05472222,1305,2149,2959,2967,1456,3242,1414,1402,1972,1708,569,343,450,460,368,343,406,437,402,614,556,342,430,521,343,380,567,370,460,613,1559,1527,1201,1328,1372,2104,1076,1565,1457,1681,1521,1056,612,843,914,1329,783,1005,672,1060,641,510,918,479,541,559,528,590,530,582,712,642,651,546,587,582,641,751,631,1086,650,1054,795,791,658,819,874,642,3318,2456,1620,3951,2383,2371,3084,2453,3419,3382,1677,1928,1860,1451,1437,1856,2734,1951,,,,,,,,,,,,,,,,,,,,,,,,,,,,,,,,,,,,,,,,,,,,,,,,,,,,,,,,,,,,,,,,,,,,,,,,,,,,,,,,,,,,,,,,,,,,,,,,
45.05472222,832,1108,1346,1678,867,1502,979,825,1021,919,537,378,405,468,323,347,516,493,403,547,600,386,406,464,340,453,556,430,426,571,1560,1584,1160,1406,1297,2326,1144,1494,1518,1724,1353,845,614,794,785,1181,731,848,642,865,755,603,1214,560,565,580,559,561,495,539,817,697,683,590,597,573,665,713,612,1054,691,973,727,854,650,770,859,653,3261,2160,1854,3353,1886,2297,2926,2416,2301,1784,764,817,755,641,581,708,986,752,,,,,,,,,,,,,,,,,,,,,,,,,,,,,,,,,,,,,,,,,,,,,,,,,,,,,,,,,,,,,,,,,,,,,,,,,,,,,,,,,,,,,,,,,,,,,,,,
47.05472222,555,679,781,1130,587,836,743,654,660,662,557,380,451,478,359,418,604,476,391,554,590,362,438,501,373,445,592,479,445,505,1702,1568,1187,1664,1360,2841,1241,1615,1526,1827,1369,881,635,837,739,1286,842,745,780,795,809,699,1453,660,592,572,583,618,526,597,803,733,893,669,657,648,731,740,630,1100,630,999,848,1035,747,840,944,716,2867,1824,1835,2518,1542,1918,2557,2200,1448,824,470,431,373,368,349,410,457,420,,,,,,,,,,,,,,,,,,,,,,,,,,,,,,,,,,,,,,,,,,,,,,,,,,,,,,,,,,,,,,,,,,,,,,,,,,,,,,,,,,,,,,,,,,,,,,,,
49.05472222,573,675,636,915,557,613,760,689,471,681,587,379,472,487,384,437,605,559,406,544,658,404,563,452,390,477,543,510,541,559,1789,1662,1175,1984,1336,2821,1264,1604,1461,1793,1366,989,919,922,783,1492,1049,803,939,848,964,713,1434,805,632,607,650,655,587,640,928,759,1083,631,677,667,680,775,671,1251,775,993,860,1219,917,869,1095,754,2495,1314,1831,1849,1220,1661,2084,2005,1018,649,342,254,327,292,334,330,336,266,,,,,,,,,,,,,,,,,,,,,,,,,,,,,,,,,,,,,,,,,,,,,,,,,,,,,,,,,,,,,,,,,,,,,,,,,,,,,,,,,,,,,,,,,,,,,,,,
51.05472222,780,819,855,1170,730,808,852,1085,604,1052,598,467,518,484,357,618,592,548,456,520,672,399,542,477,404,601,588,582,471,564,1855,1670,1262,2072,1380,2886,1262,1658,1526,1849,1561,1141,1299,1218,931,1852,1389,994,1259,1109,939,784,1439,1083,586,640,676,638,580,613,971,837,1496,723,710,715,752,863,669,1245,801,1109,1011,1648,1142,899,1193,766,2233,1121,2135,1522,1267,1497,1751,1758,802,598,393,344,339,349,435,341,314,224,,,,,,,,,,,,,,,,,,,,,,,,,,,,,,,,,,,,,,,,,,,,,,,,,,,,,,,,,,,,,,,,,,,,,,,,,,,,,,,,,,,,,,,,,,,,,,,,
53.05472222,1551,1655,1811,2146,1530,1686,1695,2682,1179,2446,710,432,483,587,432,779,669,607,526,526,733,440,627,508,409,685,636,556,581,589,1916,1773,1299,2147,1492,3064,1418,1821,1513,1965,1844,1532,1898,1849,1196,2448,2032,1355,1738,1392,990,806,1432,1128,695,738,726,673,608,616,1155,957,1535,884,863,821,841,854,732,1335,784,1220,1007,1793,1727,962,1302,968,2070,1096,2335,1505,1327,1852,1597,1808,842,894,701,529,627,799,951,680,566,508,,,,,,,,,,,,,,,,,,,,,,,,,,,,,,,,,,,,,,,,,,,,,,,,,,,,,,,,,,,,,,,,,,,,,,,,,,,,,,,,,,,,,,,,,,,,,,,,
55.05472222,2915,3324,3952,4394,3088,3998,3476,5081,2154,4441,756,491,549,613,399,745,641,665,498,579,769,449,696,551,425,1044,611,545,551,643,2136,1807,1532,2156,1433,3146,1517,1838,1603,1984,2338,1953,2510,2658,1593,3300,2596,1800,2339,1856,1093,809,1422,1085,604,711,790,662,692,632,1325,1015,1650,1118,847,867,845,923,729,1405,857,1272,1058,1652,1606,956,1511,883,1934,1101,2655,1677,1717,1817,1709,1857,950,1907,2407,1220,1443,1959,2389,1635,1509,1508,,,,,,,,,,,,,,,,,,,,,,,,,,,,,,,,,,,,,,,,,,,,,,,,,,,,,,,,,,,,,,,,,,,,,,,,,,,,,,,,,,,,,,,,,,,,,,,,
57.05472222,4314,5278,6010,6932,4711,7553,5260,7671,3332,6609,767,478,599,657,424,755,701,703,481,652,787,510,845,570,430,842,724,641,584,700,2214,1877,1481,2328,1435,3428,1549,1863,1646,2157,2939,2486,3155,3147,1914,4160,3102,2249,2963,2322,1180,841,1346,1183,706,816,893,661,729,618,1490,1114,1746,1812,915,908,903,1054,777,1536,876,1348,1098,1718,1604,980,1491,921,2148,1281,2906,2040,1900,2065,1853,1927,1268,4338,4821,2689,3332,3890,4376,3811,3653,4830,,,,,,,,,,,,,,,,,,,,,,,,,,,,,,,,,,,,,,,,,,,,,,,,,,,,,,,,,,,,,,,,,,,,,,,,,,,,,,,,,,,,,,,,,,,,,,,,
59.05472222,5455,6375,7298,8878,5754,11677,6958,9268,4349,7659,770,470,595,655,425,677,666,736,553,652,831,495,917,639,469,773,696,600,576,699,2308,1793,1588,2425,1406,3416,1653,1970,1589,2171,3178,2811,3206,3679,2155,4769,3336,2574,3538,2655,1203,824,1418,1122,624,829,862,560,764,583,1587,1107,1810,1657,990,1016,954,1075,832,1486,859,1419,1115,1701,1621,916,1461,818,2455,1563,3231,2572,2484,2438,2030,2099,1684,7117,8079,4325,5273,5842,6651,5770,6423,9116,,,,,,,,,,,,,,,,,,,,,,,,,,,,,,,,,,,,,,,,,,,,,,,,,,,,,,,,,,,,,,,,,,,,,,,,,,,,,,,,,,,,,,,,,,,,,,,,
61.05472222,5663,6202,7192,9150,5571,13385,7214,9223,4275,7487,910,479,615,669,413,714,765,767,575,735,913,508,870,622,456,858,730,621,615,793,2373,1844,1695,2514,1438,3738,1758,1934,1655,2443,3441,2929,3059,3852,2279,4864,3031,2641,3729,2647,1149,817,1346,1078,619,932,929,655,883,591,1605,1288,1912,1740,1022,1086,1000,1212,847,1569,940,1508,1157,1786,1574,904,1458,815,2947,1951,3367,3003,3112,2953,2349,2154,2173,9582,10013,5269,6262,6887,7675,7111,7390,11712,,,,,,,,,,,,,,,,,,,,,,,,,,,,,,,,,,,,,,,,,,,,,,,,,,,,,,,,,,,,,,,,,,,,,,,,,,,,,,,,,,,,,,,,,,,,,,,,
63.05472222,5182,5805,6318,8820,5182,11845,6556,8130,4219,7242,828,467,647,758,439,675,750,845,587,772,898,507,923,630,437,758,776,642,640,795,2439,1814,1674,2716,1480,3745,1885,1878,1744,2567,3250,2602,2624,3614,2054,4597,2500,2291,3273,2316,1175,894,1383,1076,588,948,1016,614,781,547,1743,1330,2102,1698,1113,1116,1031,1249,876,1533,847,1447,1061,1754,1603,887,1383,824,3548,2341,3438,3329,3788,3519,2507,2136,2411,10511,10278,5389,6038,6645,7570,7098,6921,11421,,,,,,,,,,,,,,,,,,,,,,,,,,,,,,,,,,,,,,,,,,,,,,,,,,,,,,,,,,,,,,,,,,,,,,,,,,,,,,,,,,,,,,,,,,,,,,,,
65.05472222,4614,4828,5498,7722,4358,9897,5859,6051,3938,6115,897,473,635,780,459,641,803,781,620,761,940,513,903,682,456,770,831,656,668,822,2631,1910,1815,2688,1476,3959,1988,1937,1832,2803,3270,2309,2216,3241,1709,4021,2276,1972,2974,2096,1169,897,1362,1010,643,1007,1151,634,883,550,1912,1461,2178,1832,1202,1206,1107,1309,922,1639,913,1511,1135,1750,1668,968,1505,826,4347,2836,3537,3518,4364,4118,2549,2229,2508,9826,9506,4911,5172,5757,6494,6575,5816,9929,,,,,,,,,,,,,,,,,,,,,,,,,,,,,,,,,,,,,,,,,,,,,,,,,,,,,,,,,,,,,,,,,,,,,,,,,,,,,,,,,,,,,,,,,,,,,,,,
67.05472222,3241,3269,3609,5524,2761,6485,4076,3576,2964,4259,900,502,655,831,442,627,801,872,628,834,1051,555,898,722,416,762,827,637,694,838,2674,1855,1880,2804,1507,3867,2117,1962,1906,3060,2946,1947,2023,2758,1492,3612,2114,1597,2762,1656,1218,846,1355,1108,580,1079,1244,675,915,509,1990,1543,2278,2006,1250,1349,1157,1420,970,1707,985,1558,1137,1840,1615,1048,1447,850,4794,3649,3649,3722,4592,4340,2615,2152,2192,7816,7083,3618,3474,4220,4235,4685,3916,6831,,,,,,,,,,,,,,,,,,,,,,,,,,,,,,,,,,,,,,,,,,,,,,,,,,,,,,,,,,,,,,,,,,,,,,,,,,,,,,,,,,,,,,,,,,,,,,,,
69.05472222,2075,1777,1945,3343,1541,3364,2535,2020,1839,2477,997,510,717,874,407,661,837,834,636,861,1087,522,981,787,449,796,833,640,700,935,2793,1977,2121,2925,1581,4044,2205,1938,2170,3497,2710,1713,1904,2534,1295,3386,2046,1368,2620,1400,1222,878,1340,1152,638,1159,1447,643,945,516,1966,1601,2380,2010,1285,1457,1169,1494,973,1634,1143,1558,1123,1846,1805,1075,1525,827,4506,4055,3645,3489,4264,4495,2627,2158,1897,4758,4161,2202,1875,2336,2467,2567,1932,3502,,,,,,,,,,,,,,,,,,,,,,,,,,,,,,,,,,,,,,,,,,,,,,,,,,,,,,,,,,,,,,,,,,,,,,,,,,,,,,,,,,,,,,,,,,,,,,,,
71.05472222,1435,1005,1008,1971,900,1596,1451,1171,1164,1473,931,555,706,834,486,728,873,1037,759,911,1006,535,992,836,488,850,962,666,749,974,2874,2035,2088,3130,1617,4244,2395,2131,2558,4025,2569,1643,2033,2408,1272,3310,2234,1337,2761,1496,1228,889,1436,1074,696,1131,1485,606,880,574,1942,1876,2414,2119,1417,1673,1277,1585,1002,1620,1271,1704,1237,1929,1855,1222,1586,938,4219,4064,3787,3465,3929,4447,2561,2346,1667,2516,2212,1232,923,1117,1275,1333,875,1607,,,,,,,,,,,,,,,,,,,,,,,,,,,,,,,,,,,,,,,,,,,,,,,,,,,,,,,,,,,,,,,,,,,,,,,,,,,,,,,,,,,,,,,,,,,,,,,,
73.05472222,1089,599,553,1194,574,861,917,962,825,1270,1070,487,742,864,434,701,875,956,901,849,1054,483,957,791,428,798,895,593,765,882,2833,1804,2229,3027,1573,4235,2363,1890,2745,4109,2476,1449,2218,2338,1163,3229,2429,1166,2833,1353,1191,881,1346,1113,635,1259,1468,611,1034,521,2017,1975,2299,2078,1331,1741,1086,1633,914,1651,1267,1752,1051,1799,1862,1183,1546,829,3582,3741,3585,2663,3252,3991,2142,2253,1190,1212,1047,596,476,648,759,665,424,668,,,,,,,,,,,,,,,,,,,,,,,,,,,,,,,,,,,,,,,,,,,,,,,,,,,,,,,,,,,,,,,,,,,,,,,,,,,,,,,,,,,,,,,,,,,,,,,,
75.05472222,1068,551,603,1053,607,751,885,1296,1013,1417,1019,464,708,908,474,688,851,983,958,936,1046,479,1043,770,424,795,966,662,792,945,2864,1871,2256,3140,1568,4231,2385,1891,3314,4189,2541,1539,2604,2426,1194,3369,2758,1334,3176,1456,1245,872,1342,1155,630,1251,1320,581,1062,524,1938,2148,2234,2037,1314,1877,1088,1778,891,1769,1394,1713,1077,1783,1889,1320,1601,783,2966,3576,3735,2437,2820,3561,2124,2395,1130,871,721,442,379,523,606,514,297,480,,,,,,,,,,,,,,,,,,,,,,,,,,,,,,,,,,,,,,,,,,,,,,,,,,,,,,,,,,,,,,,,,,,,,,,,,,,,,,,,,,,,,,,,,,,,,,,,
77.05472222,1747,969,993,1494,1031,1139,1325,2721,1508,2622,1063,505,724,847,465,694,878,1005,828,969,1108,473,1074,785,443,795,996,585,1065,970,2961,1767,2335,3229,1520,4164,2450,1970,3219,4150,2694,1747,2910,2672,1379,3751,3252,1442,3501,1574,1274,842,1365,1058,584,1205,1371,524,1061,476,1927,2671,2205,2043,1276,2107,1163,1830,836,1836,1530,1771,1083,1736,1864,1507,1477,807,2769,3452,3780,2331,2661,3313,1949,2572,1118,836,727,561,398,652,711,663,386,522,,,,,,,,,,,,,,,,,,,,,,,,,,,,,,,,,,,,,,,,,,,,,,,,,,,,,,,,,,,,,,,,,,,,,,,,,,,,,,,,,,,,,,,,,,,,,,,,
79.05472222,3246,1997,2198,3063,2283,2759,2805,5275,3128,5320,960,464,758,901,456,679,886,1155,915,950,1064,490,1033,817,384,835,967,633,1009,971,2861,1701,2403,3372,1433,4072,2399,1845,3169,4021,2832,2001,3266,3013,1555,4081,3662,1703,3850,1843,1172,858,1407,1043,617,1239,1345,510,1085,495,1882,2581,2322,2013,1265,2426,1116,1948,791,1736,1597,1831,1026,1734,1977,1535,1468,778,2534,3273,3988,2394,2434,3076,1771,2861,1103,1321,1244,1231,790,1614,1535,1697,736,1043,,,,,,,,,,,,,,,,,,,,,,,,,,,,,,,,,,,,,,,,,,,,,,,,,,,,,,,,,,,,,,,,,,,,,,,,,,,,,,,,,,,,,,,,,,,,,,,,
81.05472222,5221,3233,3977,5470,3744,5273,4798,8747,5435,8982,1040,452,822,890,453,649,863,1216,867,947,1146,515,1047,857,414,837,949,598,980,1027,2841,1620,2438,3226,1289,4024,2392,1750,3153,4081,2933,2052,3477,3185,1614,4443,3791,1834,3882,1915,1187,806,1286,973,515,1218,1338,516,1135,404,1801,2649,2168,1987,1164,2595,1050,1937,768,1804,1557,1671,946,1674,1848,1570,1361,677,2590,3208,4009,2291,2455,3027,1747,2976,1053,2822,2944,3361,1830,3940,3480,4601,1623,2654,,,,,,,,,,,,,,,,,,,,,,,,,,,,,,,,,,,,,,,,,,,,,,,,,,,,,,,,,,,,,,,,,,,,,,,,,,,,,,,,,,,,,,,,,,,,,,,,
83.05472222,7161,4378,5503,7941,4845,7653,6813,11447,7661,11778,1178,444,920,1042,481,674,917,1340,837,965,1121,500,1114,883,442,795,1002,634,1076,1032,2964,1601,2413,3285,1264,4004,2517,1751,3158,4065,3059,2137,3529,3300,1634,4745,3784,1942,4143,2041,1181,883,1256,1139,568,1218,1365,520,1217,485,1776,2550,2097,2014,1210,2335,976,2069,784,1787,1579,1842,1027,1719,1961,1610,1392,678,2711,3125,4219,2443,2586,3169,1775,3308,1295,5509,5988,6884,3469,7968,6237,8910,2987,5485,,,,,,,,,,,,,,,,,,,,,,,,,,,,,,,,,,,,,,,,,,,,,,,,,,,,,,,,,,,,,,,,,,,,,,,,,,,,,,,,,,,,,,,,,,,,,,,,
85.05472222,7567,4906,6333,9018,5284,8486,7723,11432,8337,12811,1133,490,1149,978,503,677,967,1434,841,968,1083,529,1104,911,440,815,1022,646,1034,1037,2965,1538,2642,3379,1289,4027,2613,1742,3330,4143,3192,2228,3522,3571,1764,4726,3885,1867,4208,2109,1210,884,1263,1168,585,1309,1371,543,1163,478,1822,2633,2139,1989,1203,2349,1065,2152,776,1837,1709,1921,1056,1811,1954,1748,1401,712,3128,3247,4340,2550,2829,3419,1863,3804,1370,8595,9128,9048,5044,11792,8779,12784,4089,7932,,,,,,,,,,,,,,,,,,,,,,,,,,,,,,,,,,,,,,,,,,,,,,,,,,,,,,,,,,,,,,,,,,,,,,,,,,,,,,,,,,,,,,,,,,,,,,,,
87.05472222,7683,4484,6176,8742,4871,8005,7565,10734,7909,11875,1225,484,1047,1089,437,671,949,1446,879,942,1201,530,1140,957,456,793,972,661,1041,1088,2895,1565,2662,3361,1222,4040,2590,1698,3286,4196,3273,2128,3287,3449,1584,4788,3624,1679,3919,2060,1234,912,1378,1120,549,1375,1431,507,1182,462,1819,2716,2003,1953,1150,2341,967,2184,768,1822,1601,1960,972,1651,1953,1721,1320,642,3515,3425,4398,2529,2988,3624,1934,4028,1407,10290,10269,9914,5637,12545,9561,14376,4109,8671,,,,,,,,,,,,,,,,,,,,,,,,,,,,,,,,,,,,,,,,,,,,,,,,,,,,,,,,,,,,,,,,,,,,,,,,,,,,,,,,,,,,,,,,,,,,,,,,
89.05472222,6761,3795,5758,8102,3977,6627,6842,8904,6890,10326,1163,486,1043,1039,487,660,980,1309,903,951,1152,482,1124,949,428,864,1003,682,1053,1113,2915,1444,2675,3319,1117,3951,2656,1609,3244,4013,3134,1837,2968,3171,1335,4439,3306,1523,3657,1932,1197,881,1310,1131,581,1357,1361,514,1231,463,1760,2638,1988,1896,1048,2274,970,2052,700,1849,1587,1852,933,1576,1846,1725,1160,640,3853,3460,4273,2452,2885,3524,1930,4046,1283,9917,9824,9080,5489,11444,9309,13284,3654,7868,,,,,,,,,,,,,,,,,,,,,,,,,,,,,,,,,,,,,,,,,,,,,,,,,,,,,,,,,,,,,,,,,,,,,,,,,,,,,,,,,,,,,,,,,,,,,,,,
91.05472222,5505,3041,4607,6332,3115,4804,5431,5906,5549,7310,1255,478,1086,1120,401,680,967,1338,862,979,1209,494,1162,939,413,797,1030,625,1044,1115,2984,1446,2651,3513,1203,3959,2703,1635,3253,4077,3099,1699,2889,3060,1299,4257,3138,1316,3560,1809,1343,972,1332,1098,535,1376,1284,509,1320,455,1983,2651,1980,1925,1216,2192,920,2104,684,1975,1654,1799,984,1595,1920,1733,1207,632,4182,3733,4325,2409,3068,3661,2001,4097,1306,8936,8578,7721,4843,9880,7838,11054,3107,6120,,,,,,,,,,,,,,,,,,,,,,,,,,,,,,,,,,,,,,,,,,,,,,,,,,,,,,,,,,,,,,,,,,,,,,,,,,,,,,,,,,,,,,,,,,,,,,,,
93.05472222,3444,1776,2639,4438,1782,2651,3351,3166,3152,4281,1232,491,1059,1081,423,650,945,1264,906,1028,1262,475,1207,911,419,842,964,600,1006,1114,3038,1396,2626,3536,1127,3735,2694,1517,3249,4039,2956,1519,2909,2978,1112,4028,3192,1161,3530,1955,1339,980,1219,1051,551,1404,1337,479,1236,445,1933,2633,1997,1923,1097,2228,939,2174,638,1842,1591,1796,930,1493,1848,1779,1170,599,4166,3636,4330,2430,2900,3725,1818,3985,1174,6811,6095,5698,3559,6607,5085,7322,1966,4025,,,,,,,,,,,,,,,,,,,,,,,,,,,,,,,,,,,,,,,,,,,,,,,,,,,,,,,,,,,,,,,,,,,,,,,,,,,,,,,,,,,,,,,,,,,,,,,,
95.05472222,2122,1061,1452,2392,916,1382,1758,1784,1760,2178,1230,467,1016,1095,455,641,975,1282,908,1028,1240,471,1162,925,475,807,1038,663,993,1089,3005,1376,2673,3537,1081,3799,2742,1607,3411,3955,2799,1572,2905,2832,1050,3923,3401,1170,3630,2055,1358,1032,1279,1106,566,1504,1339,538,1257,474,1859,2645,1882,1876,1064,2212,906,2143,681,1801,1656,1944,941,1529,1886,1756,1172,607,4136,3876,4357,2254,2942,3706,1933,3978,1068,4286,3593,3177,2136,3556,2897,3777,1099,2111,,,,,,,,,,,,,,,,,,,,,,,,,,,,,,,,,,,,,,,,,,,,,,,,,,,,,,,,,,,,,,,,,,,,,,,,,,,,,,,,,,,,,,,,,,,,,,,,
97.05472222,1436,566,821,1477,557,794,1028,1178,984,1370,1262,480,1035,1112,434,686,928,1250,866,1066,1242,510,1194,931,426,774,1097,635,990,1171,2882,1430,2685,3430,1125,3736,2740,1436,3238,3836,2735,1525,3019,2901,993,3933,3611,1082,3749,2269,1252,1036,1263,1086,538,1404,1362,489,1362,410,1816,2544,1935,1900,1052,2253,825,2190,661,1733,1635,1845,879,1383,1847,1776,1110,567,3726,3733,4277,2013,2585,3523,1845,3794,1059,2158,1908,1635,1114,1822,1608,1894,550,1012,,,,,,,,,,,,,,,,,,,,,,,,,,,,,,,,,,,,,,,,,,,,,,,,,,,,,,,,,,,,,,,,,,,,,,,,,,,,,,,,,,,,,,,,,,,,,,,,
99.05472222,1231,486,837,1156,466,570,893,1287,780,1245,1259,455,1017,1138,461,657,981,1263,883,1108,1247,504,1225,1000,443,732,1142,634,1007,1178,2947,1311,2711,3398,1069,3600,2761,1349,3170,3887,2769,1453,3038,2876,1083,3796,3786,1124,3863,2362,1193,1156,1255,1119,530,1477,1345,447,1346,477,1929,2593,1873,1882,1025,2160,837,2232,680,1797,1617,1852,863,1437,1831,1747,1100,534,3345,3641,4110,2025,2431,3422,1734,3634,896,1176,1027,870,712,1074,1054,994,336,592,,,,,,,,,,,,,,,,,,,,,,,,,,,,,,,,,,,,,,,,,,,,,,,,,,,,,,,,,,,,,,,,,,,,,,,,,,,,,,,,,,,,,,,,,,,,,,,,
101.0547222,1723,703,1292,1357,782,832,1099,2126,1025,1892,1256,501,960,1144,420,650,1014,1227,857,1104,1261,507,1236,993,421,747,1042,706,952,1214,2975,1396,2732,3390,1070,3537,2749,1289,3339,3678,2798,1596,3328,2973,1028,3923,4016,1185,3944,2599,1253,1366,1247,1081,550,1415,1380,457,1331,500,1804,2619,1825,1833,1048,2207,849,2302,675,1828,1576,1891,904,1315,1880,1818,1061,579,3036,3597,4225,1788,2278,3287,1726,3538,934,977,783,657,593,870,839,797,326,444,,,,,,,,,,,,,,,,,,,,,,,,,,,,,,,,,,,,,,,,,,,,,,,,,,,,,,,,,,,,,,,,,,,,,,,,,,,,,,,,,,,,,,,,,,,,,,,,
103.0547222,3050,1425,2555,2414,1558,1549,2116,4416,2052,3845,1319,511,1037,1223,415,640,972,1283,950,1106,1250,497,1257,1037,406,748,1144,709,1029,1187,2969,1465,2748,3555,1019,3535,2734,1374,3330,3938,2934,1705,3436,3042,1216,4083,4124,1276,4083,2747,1323,1251,1203,1138,485,1443,1429,482,1257,484,1869,2661,1877,1891,1070,2221,877,2354,737,1822,1594,1939,800,1257,1794,1866,1097,586,2935,3384,4251,1741,2180,3059,1891,3476,869,1002,935,853,1017,1228,1083,1122,493,610,,,,,,,,,,,,,,,,,,,,,,,,,,,,,,,,,,,,,,,,,,,,,,,,,,,,,,,,,,,,,,,,,,,,,,,,,,,,,,,,,,,,,,,,,,,,,,,,
105.0547222,5033,2425,4607,4082,2518,3020,3741,7751,3867,6725,1166,501,1006,1187,454,637,1023,1264,884,1104,1166,522,1322,1038,406,813,1076,688,969,1160,2850,1347,2727,3531,998,3558,2745,1280,3217,3709,2682,1842,3336,3221,1105,4118,4079,1246,4279,2892,1185,1154,1190,1066,517,1471,1434,476,1431,493,1851,2585,1809,1791,1065,2235,827,2449,681,1715,1600,1978,777,1275,1723,1945,1062,587,2863,3391,4305,1771,2107,2993,1865,3647,933,1675,1726,1681,2017,2379,2130,2388,1019,1245,,,,,,,,,,,,,,,,,,,,,,,,,,,,,,,,,,,,,,,,,,,,,,,,,,,,,,,,,,,,,,,,,,,,,,,,,,,,,,,,,,,,,,,,,,,,,,,,
107.0547222,6839,3436,6302,5848,3282,4240,5381,10241,5538,9695,1233,526,982,1164,468,616,981,1277,915,1102,1123,521,1325,1069,395,777,1088,704,987,1192,2816,1449,2801,3336,955,3370,2770,1332,3157,3701,2864,1786,3486,3186,1153,4315,4018,1212,4200,2867,1229,1199,1220,1041,493,1518,1331,437,1394,522,1760,2682,1794,1791,1080,2099,831,2336,678,1698,1565,1891,731,1238,1764,1845,1071,592,2822,3273,4204,1631,2043,2948,1857,3747,1038,3075,3466,3308,3883,5125,4283,5232,2162,2731,,,,,,,,,,,,,,,,,,,,,,,,,,,,,,,,,,,,,,,,,,,,,,,,,,,,,,,,,,,,,,,,,,,,,,,,,,,,,,,,,,,,,,,,,,,,,,,,
109.0547222,7997,3959,6723,6886,3452,4745,6320,11120,6447,10712,1095,511,1079,1147,409,623,922,1227,909,1165,1073,473,1257,1083,401,727,1090,673,957,1249,2595,1565,2740,3442,968,3455,2937,1211,3229,3672,2655,1950,3437,3259,1162,4426,4015,1276,4007,2637,1068,1241,1150,1039,517,1515,1432,441,1395,494,1685,2710,1685,1825,1062,2180,771,2399,659,1512,1518,2018,769,1207,1686,1876,1085,599,2917,3357,4217,1606,2057,3008,2041,3688,1165,5187,5766,5400,6244,8321,7098,8890,3339,4197,,,,,,,,,,,,,,,,,,,,,,,,,,,,,,,,,,,,,,,,,,,,,,,,,,,,,,,,,,,,,,,,,,,,,,,,,,,,,,,,,,,,,,,,,,,,,,,,
111.0547222,8110,3928,6465,6939,3361,4412,6139,10685,6260,10107,1219,538,1024,1168,408,583,1003,1174,849,1147,1211,491,1250,1089,375,747,1124,720,950,1204,2750,1542,2874,3452,862,3278,2748,1131,3275,3660,2858,1929,3388,3103,1068,4281,3798,1176,3826,2506,1226,1154,1155,1010,461,1525,1433,414,1350,524,1761,2743,1602,1807,990,2148,772,2391,702,1733,1595,1889,648,1114,1741,1926,1085,601,2955,3214,4295,1650,2026,2975,2086,3582,1216,6875,7171,6807,7637,10513,8806,11782,4078,5078,,,,,,,,,,,,,,,,,,,,,,,,,,,,,,,,,,,,,,,,,,,,,,,,,,,,,,,,,,,,,,,,,,,,,,,,,,,,,,,,,,,,,,,,,,,,,,,,
113.0547222,7541,3887,5926,6545,3172,4189,5851,9372,5912,9407,1340,579,1002,1224,448,616,1047,1186,848,1206,1189,507,1333,1143,445,791,1225,686,930,1165,2810,1635,2808,3438,930,3228,2862,1185,3199,3631,2829,2016,3231,3042,1164,4193,3760,1105,3842,2245,1225,1241,1172,1019,516,1499,1381,466,1366,509,1792,2771,1665,1808,1102,2116,724,2429,730,1769,1584,1982,694,1087,1782,1877,1218,606,3234,3274,4343,1612,2041,3077,2331,3738,1315,7449,7709,7135,7855,10893,9498,12311,4485,5208,,,,,,,,,,,,,,,,,,,,,,,,,,,,,,,,,,,,,,,,,,,,,,,,,,,,,,,,,,,,,,,,,,,,,,,,,,,,,,,,,,,,,,,,,,,,,,,,
115.0547222,6772,3437,4745,5707,2614,3348,4924,7351,4921,7616,1370,595,1001,1263,457,559,1060,1248,844,1092,1268,598,1299,1177,391,776,1101,749,1029,1210,2811,1669,2774,3456,897,3134,2889,1135,3233,3706,2809,2156,3196,2976,1036,4075,3647,1016,3746,2108,1232,1151,1122,1124,505,1549,1441,406,1410,572,1840,2673,1606,1895,1127,2194,731,2380,721,1714,1568,1980,647,1080,1751,1808,1184,577,3178,3432,4203,1597,2001,3096,2780,3660,1396,6980,7237,6482,7365,10155,9227,11306,4101,4692,,,,,,,,,,,,,,,,,,,,,,,,,,,,,,,,,,,,,,,,,,,,,,,,,,,,,,,,,,,,,,,,,,,,,,,,,,,,,,,,,,,,,,,,,,,,,,,,
117.0547222,4880,2557,3161,4105,1811,2241,3465,4593,3484,4844,1367,617,1031,1261,444,557,1051,1288,898,1116,1277,564,1319,1087,465,697,1149,882,1073,1263,2816,1702,2851,3550,913,3017,2857,1204,3284,3679,2745,2244,3104,2925,978,3725,3823,1057,3703,2126,1279,1195,1166,1023,498,1500,1325,449,1371,649,1853,2697,1613,1886,1098,2182,771,2377,732,1754,1568,2076,686,1136,1782,1866,1230,642,3225,3405,4289,1564,2084,3077,2677,3604,1491,6329,5976,5683,5937,8550,7774,9021,3531,3729,,,,,,,,,,,,,,,,,,,,,,,,,,,,,,,,,,,,,,,,,,,,,,,,,,,,,,,,,,,,,,,,,,,,,,,,,,,,,,,,,,,,,,,,,,,,,,,,
119.0547222,2975,1438,1689,2505,1012,1295,2075,2429,1984,2587,1371,590,951,1285,434,532,1043,1144,910,1152,1258,574,1297,1101,386,766,1137,806,970,1237,2806,1982,2882,3424,889,2917,2857,1078,3115,3643,2725,2323,3140,2892,907,3661,3720,945,3697,2056,1217,1108,1119,1110,495,1535,1321,393,1393,582,1798,2612,1516,1791,1106,2185,737,2342,744,1692,1594,1998,575,1019,1643,1830,1233,681,3115,3274,4182,1333,1985,3060,2669,3704,1495,4480,4209,3733,3804,5510,5168,5582,2189,2315,,,,,,,,,,,,,,,,,,,,,,,,,,,,,,,,,,,,,,,,,,,,,,,,,,,,,,,,,,,,,,,,,,,,,,,,,,,,,,,,,,,,,,,,,,,,,,,,
121.0547222,1774,940,985,1562,615,690,1206,1502,1094,1523,1330,624,916,1255,446,534,1041,1263,856,1167,1219,580,1264,1064,430,670,1223,727,977,1184,2670,1970,2852,3349,835,2956,2769,1139,3168,3522,2526,2269,3173,2715,930,3644,3755,941,3731,2166,1234,1140,1075,1064,525,1440,1351,398,1389,648,1757,2537,1507,1719,1120,2182,739,2469,722,1622,1521,1957,581,1011,1576,1911,1288,711,2909,3279,4171,1282,1899,2930,2602,3395,1401,2909,2471,2182,2133,3088,3008,2895,1195,1278,,,,,,,,,,,,,,,,,,,,,,,,,,,,,,,,,,,,,,,,,,,,,,,,,,,,,,,,,,,,,,,,,,,,,,,,,,,,,,,,,,,,,,,,,,,,,,,,
123.0547222,1387,787,672,1146,522,519,877,1264,785,1161,1330,685,858,1242,486,517,997,1214,821,1068,1224,616,1275,1081,424,705,1170,750,940,1151,2631,1835,2803,3234,780,2777,2807,1011,3026,3489,2476,2211,3145,2671,873,3602,3789,946,3696,2098,1214,1139,1102,1004,457,1431,1356,396,1380,614,1705,2502,1513,1703,1076,2050,629,2388,719,1574,1422,1886,512,925,1541,1847,1330,629,2752,3096,3990,1292,1838,2740,2557,3425,1324,1734,1447,1218,1171,1618,1731,1560,741,707,,,,,,,,,,,,,,,,,,,,,,,,,,,,,,,,,,,,,,,,,,,,,,,,,,,,,,,,,,,,,,,,,,,,,,,,,,,,,,,,,,,,,,,,,,,,,,,,
125.0547222,1586,969,879,1183,717,666,987,1767,917,1450,1295,657,967,1206,522,525,1036,1185,811,1109,1232,694,1206,1076,423,645,1124,822,945,1200,2596,1810,2843,3191,825,2718,2868,990,2939,3328,2458,2151,3262,2614,899,3456,3726,882,3717,2215,1206,1094,1017,1023,518,1472,1345,379,1384,633,1631,2527,1413,1670,1088,2085,700,2404,801,1632,1438,1819,545,897,1542,1776,1349,649,2645,2951,3937,1265,1579,2642,2590,3539,1346,1130,953,802,815,1047,1116,932,540,473,,,,,,,,,,,,,,,,,,,,,,,,,,,,,,,,,,,,,,,,,,,,,,,,,,,,,,,,,,,,,,,,,,,,,,,,,,,,,,,,,,,,,,,,,,,,,,,,
127.0547222,2486,1679,1542,1781,1112,1061,1565,3311,1534,2739,1318,672,888,1234,439,485,995,1216,837,1065,1236,643,1196,1105,452,684,1114,745,950,1186,2422,1797,2746,3180,829,2652,2634,894,2923,3422,2348,2194,3082,2671,872,3750,3887,923,3721,2177,1160,1120,937,933,488,1518,1299,421,1488,619,1647,2375,1367,1633,1232,2071,630,2360,745,1630,1434,1943,576,903,1441,1850,1402,675,2466,2944,3786,1230,1543,2541,2589,3485,1276,962,810,686,757,950,832,837,454,404,,,,,,,,,,,,,,,,,,,,,,,,,,,,,,,,,,,,,,,,,,,,,,,,,,,,,,,,,,,,,,,,,,,,,,,,,,,,,,,,,,,,,,,,,,,,,,,,
129.0547222,4094,2789,2763,2971,1884,1898,2798,5852,2736,4986,1319,681,883,1203,472,537,962,1174,826,1065,1214,717,1216,1136,443,706,1182,789,880,1242,2616,1880,2744,3194,825,2533,2831,932,2951,3249,2506,2304,3105,2708,909,3605,3901,879,3770,2121,1220,1114,979,908,527,1463,1307,398,1398,606,1617,2618,1380,1698,1234,2007,639,2232,795,1446,1385,1912,522,838,1488,1819,1418,717,2404,2792,3758,1210,1487,2478,2527,3434,1240,1128,1046,933,1021,1314,1181,1440,823,636,,,,,,,,,,,,,,,,,,,,,,,,,,,,,,,,,,,,,,,,,,,,,,,,,,,,,,,,,,,,,,,,,,,,,,,,,,,,,,,,,,,,,,,,,,,,,,,,
131.0547222,6018,3757,3846,4150,2630,2633,4065,8226,3988,7150,1321,670,887,1208,526,550,1038,1181,838,1113,1205,695,1307,1141,435,658,1154,914,910,1185,2566,1835,2777,3143,844,2648,2887,957,3024,3207,2477,2234,3131,2765,992,3622,3883,860,3851,2144,1135,1078,978,994,547,1529,1409,391,1359,582,1675,2578,1365,1656,1207,2067,643,2455,888,1518,1403,1960,515,779,1502,1907,1503,702,2458,2818,3984,1229,1492,2426,2495,3407,1216,1705,1997,1761,2215,2714,2370,2725,1448,1249,,,,,,,,,,,,,,,,,,,,,,,,,,,,,,,,,,,,,,,,,,,,,,,,,,,,,,,,,,,,,,,,,,,,,,,,,,,,,,,,,,,,,,,,,,,,,,,,
133.0547222,7082,4294,4404,4928,3078,2871,4780,9647,4771,8423,1299,659,899,1270,536,487,1026,1242,815,1115,1258,689,1248,1138,445,630,1194,932,933,1156,2525,1859,2736,3267,884,2423,2820,926,2954,3258,2417,2242,3275,2794,965,3444,3705,780,3725,2123,1156,1135,964,938,562,1550,1342,410,1404,547,1603,2565,1314,1648,1283,2050,666,2315,879,1449,1401,1836,536,803,1419,1869,1443,686,2504,2768,3836,1241,1330,2461,2371,3541,1110,2789,3457,3126,3932,5208,4479,5422,2535,2052,,,,,,,,,,,,,,,,,,,,,,,,,,,,,,,,,,,,,,,,,,,,,,,,,,,,,,,,,,,,,,,,,,,,,,,,,,,,,,,,,,,,,,,,,,,,,,,,
135.0547222,7353,4317,4356,5040,3113,2816,4952,9568,5017,8477,1161,673,890,1195,470,507,952,1171,794,1178,1021,721,1252,1110,476,604,1085,902,957,1152,2238,1879,2663,3189,866,2459,2793,955,2848,3160,2247,2138,3071,2717,990,3423,3753,819,3574,1961,1017,1107,1033,962,576,1446,1323,366,1421,577,1466,2579,1281,1603,1346,1996,674,2318,879,1400,1466,1795,521,790,1378,1833,1395,701,2435,2767,3837,1340,1328,2307,2369,3313,1160,4054,4589,4230,5512,7406,6892,8115,3067,2824,,,,,,,,,,,,,,,,,,,,,,,,,,,,,,,,,,,,,,,,,,,,,,,,,,,,,,,,,,,,,,,,,,,,,,,,,,,,,,,,,,,,,,,,,,,,,,,,
137.0547222,7302,4103,4121,4956,3119,2601,4901,8769,4773,8003,1080,733,945,1215,528,468,921,1222,766,1151,968,689,1179,1142,494,677,1057,836,916,1238,2230,1867,2715,3268,955,2493,2803,1033,3078,3246,2149,2153,3195,2749,1029,3308,3853,944,3544,1982,971,1114,957,979,619,1544,1379,372,1420,552,1474,2641,1272,1612,1498,2146,679,2371,877,1286,1371,1933,603,736,1399,1902,1543,668,2257,2747,3817,1496,1371,2249,2476,3476,1149,4812,5207,5057,6502,8848,8567,9361,3250,3167,,,,,,,,,,,,,,,,,,,,,,,,,,,,,,,,,,,,,,,,,,,,,,,,,,,,,,,,,,,,,,,,,,,,,,,,,,,,,,,,,,,,,,,,,,,,,,,,
139.0547222,6525,3535,3565,4488,2632,2258,4267,7430,3962,6989,1338,623,939,1292,564,479,1051,1171,782,1199,1173,730,1202,1093,466,629,1237,930,885,1233,2468,1833,2759,3156,930,2349,2745,1000,2977,3133,2383,2082,3126,2494,1003,3165,3688,814,3499,1867,1142,1131,919,982,590,1557,1353,412,1412,542,1569,2556,1309,1550,1419,2044,698,2383,842,1467,1385,1898,531,735,1320,1727,1495,755,2475,2754,3829,1549,1382,2329,2469,3340,1084,4883,5286,4965,6285,8945,8862,9434,3080,3169,,,,,,,,,,,,,,,,,,,,,,,,,,,,,,,,,,,,,,,,,,,,,,,,,,,,,,,,,,,,,,,,,,,,,,,,,,,,,,,,,,,,,,,,,,,,,,,,
141.0547222,4995,2713,2522,3519,1942,1706,3369,4978,3100,4989,1236,641,862,1237,560,472,1014,1180,786,1142,1114,735,1271,1188,465,598,1171,938,946,1239,2336,1857,2746,2964,1027,2292,2878,998,2885,3139,2110,2122,2935,2541,962,3150,3697,772,3470,1852,1050,1057,892,977,615,1489,1428,409,1473,552,1441,2570,1153,1590,1561,2028,723,2394,877,1342,1344,1879,568,676,1328,1815,1458,697,2281,2737,3683,1685,1354,2289,2443,3442,1102,4347,4786,4289,5637,8026,8223,8158,2639,2789,,,,,,,,,,,,,,,,,,,,,,,,,,,,,,,,,,,,,,,,,,,,,,,,,,,,,,,,,,,,,,,,,,,,,,,,,,,,,,,,,,,,,,,,,,,,,,,,
143.0547222,3487,1606,1473,2357,1366,969,2019,2954,1887,2740,1287,598,848,1273,499,418,957,1141,729,1115,1226,725,1169,1136,502,568,1085,898,904,1185,2214,1733,2652,3017,1051,2129,2750,986,2757,2991,2112,1971,2946,2385,965,2919,3529,747,3407,1764,1113,1037,899,927,608,1486,1335,381,1341,568,1483,2483,1132,1501,1411,1937,672,2369,836,1398,1419,1798,522,639,1354,1749,1373,683,2210,2580,3567,1699,1247,2125,2448,3224,1022,3670,3701,3292,4139,6037,6612,5928,1976,1986,,,,,,,,,,,,,,,,,,,,,,,,,,,,,,,,,,,,,,,,,,,,,,,,,,,,,,,,,,,,,,,,,,,,,,,,,,,,,,,,,,,,,,,,,,,,,,,,
145.0547222,2219,1036,790,1579,808,643,1312,1767,1208,1611,1222,629,759,1283,555,430,960,1169,756,1080,1139,629,1153,1067,441,530,1082,806,857,1158,2230,1630,2608,2753,1024,2075,2588,984,2689,2858,2116,1870,2864,2274,960,2854,3445,707,3201,1732,1071,1060,884,895,596,1422,1306,358,1311,484,1444,2486,1084,1429,1315,1819,613,2292,793,1299,1246,1738,500,583,1207,1695,1272,605,2075,2399,3565,1612,1288,2104,2322,3100,978,2676,2491,2311,2625,4045,4452,3662,1199,1289,,,,,,,,,,,,,,,,,,,,,,,,,,,,,,,,,,,,,,,,,,,,,,,,,,,,,,,,,,,,,,,,,,,,,,,,,,,,,,,,,,,,,,,,,,,,,,,,
147.0547222,1630,742,617,1094,638,453,943,1234,782,1187,1212,590,753,1213,601,380,933,1056,769,1004,1123,645,1084,1062,453,548,1094,757,793,1135,2206,1592,2664,2742,1067,1909,2544,956,2641,2738,1940,1939,2831,2288,946,2951,3371,761,3261,1619,1038,988,765,825,647,1365,1153,345,1344,470,1433,2373,1041,1371,1287,1830,658,2192,705,1252,1232,1702,492,558,1184,1629,1322,623,2001,2317,3284,1604,1035,1952,2280,3140,867,1753,1598,1426,1548,2263,2590,1996,704,723,,,,,,,,,,,,,,,,,,,,,,,,,,,,,,,,,,,,,,,,,,,,,,,,,,,,,,,,,,,,,,,,,,,,,,,,,,,,,,,,,,,,,,,,,,,,,,,,
149.0547222,1450,813,647,1051,795,434,960,1434,749,1182,1118,584,804,1203,521,361,926,1060,694,1055,963,621,1135,1089,533,529,1024,787,803,1029,1975,1535,2652,2728,1147,1801,2570,946,2544,2658,1799,1811,2898,2237,974,2961,3414,656,3252,1649,1032,968,757,818,573,1400,1149,334,1283,475,1348,2384,1012,1347,1277,1715,681,2224,702,1195,1185,1737,508,476,1121,1611,1225,508,1805,2393,3328,1500,1028,1856,2214,3082,873,1125,1030,833,957,1365,1512,1175,428,453,,,,,,,,,,,,,,,,,,,,,,,,,,,,,,,,,,,,,,,,,,,,,,,,,,,,,,,,,,,,,,,,,,,,,,,,,,,,,,,,,,,,,,,,,,,,,,,,
151.0547222,2010,1191,1078,1392,1244,754,1312,2525,1126,2031,1166,607,764,1225,505,403,874,1058,714,1018,1068,630,1047,1045,549,448,1000,762,786,1069,1976,1613,2632,2683,1123,1825,2576,963,2485,2552,1937,1862,2898,2237,1017,2858,3385,720,3164,1639,1013,956,770,779,558,1434,1240,372,1293,493,1294,2354,987,1344,1300,1766,655,2248,703,1195,1222,1658,531,483,1148,1682,1289,540,1818,2355,3232,1549,952,1795,2178,3076,917,891,824,670,660,1025,1082,810,362,328,,,,,,,,,,,,,,,,,,,,,,,,,,,,,,,,,,,,,,,,,,,,,,,,,,,,,,,,,,,,,,,,,,,,,,,,,,,,,,,,,,,,,,,,,,,,,,,,
153.0547222,3120,1847,1784,2069,2035,1088,2161,4259,1861,3533,1088,535,723,1216,566,368,828,1060,628,1121,916,610,1057,1062,564,485,1037,769,788,1026,1880,1504,2755,2527,1073,1752,2581,979,2464,2639,1887,1799,2838,2126,994,2885,3358,727,3191,1648,913,962,694,843,575,1454,1185,350,1418,471,1346,2312,964,1326,1270,1732,655,2099,628,1112,1151,1662,548,486,1059,1615,1224,550,1801,2264,3272,1590,961,1770,2246,3157,782,841,757,618,805,1009,970,835,464,386,,,,,,,,,,,,,,,,,,,,,,,,,,,,,,,,,,,,,,,,,,,,,,,,,,,,,,,,,,,,,,,,,,,,,,,,,,,,,,,,,,,,,,,,,,,,,,,,
155.0547222,4635,2499,2461,2889,2894,1483,2792,6084,2656,5061,1187,565,744,1255,582,341,874,1074,611,1016,1070,585,1024,1069,564,478,1075,724,775,1094,1967,1501,2679,2619,1083,1669,2516,1018,2470,2609,1923,1776,2912,2153,1011,2766,3264,704,3223,1443,1015,984,730,820,599,1359,1147,397,1366,429,1310,2303,914,1268,1236,1775,641,2155,612,1188,1169,1617,538,482,1003,1582,1190,558,1761,2110,3241,1516,843,1680,2207,3081,828,1044,1062,900,1209,1534,1323,1408,734,548,,,,,,,,,,,,,,,,,,,,,,,,,,,,,,,,,,,,,,,,,,,,,,,,,,,,,,,,,,,,,,,,,,,,,,,,,,,,,,,,,,,,,,,,,,,,,,,,
157.0547222,5594,2895,2754,3251,3319,1596,3355,7296,3242,5984,1103,589,729,1150,515,360,879,1058,673,1041,989,612,1091,1100,538,437,978,730,822,1043,1893,1584,2593,2548,1104,1576,2501,1150,2400,2490,1757,1724,2798,2143,1092,2653,3247,770,3113,1493,949,972,708,804,588,1398,1210,394,1305,445,1258,2281,898,1306,1178,1729,696,2254,612,1128,1122,1684,576,433,974,1608,1148,496,1708,2134,3128,1460,867,1683,2178,3016,747,1393,1720,1587,2167,2899,2572,2803,1155,872,,,,,,,,,,,,,,,,,,,,,,,,,,,,,,,,,,,,,,,,,,,,,,,,,,,,,,,,,,,,,,,,,,,,,,,,,,,,,,,,,,,,,,,,,,,,,,,,
159.0547222,5888,2943,2709,3534,3182,1600,3518,7380,3275,6348,1119,529,698,1209,490,314,842,989,657,1007,927,588,995,992,518,420,1053,722,710,1027,1811,1417,2596,2486,1114,1659,2456,1055,2245,2500,1696,1738,2730,2115,1102,2535,3207,762,2992,1451,896,959,615,741,568,1418,1187,382,1301,407,1254,2226,822,1302,1205,1694,596,2068,597,1143,1138,1627,632,454,935,1580,1152,472,1620,1993,3165,1460,859,1619,2195,2981,755,2057,2567,2303,3521,4702,4505,4559,1514,1333,,,,,,,,,,,,,,,,,,,,,,,,,,,,,,,,,,,,,,,,,,,,,,,,,,,,,,,,,,,,,,,,,,,,,,,,,,,,,,,,,,,,,,,,,,,,,,,,
161.0547222,5881,2665,2419,3113,2945,1495,3360,6869,2989,5929,1183,487,636,1295,469,328,843,939,603,1041,1080,552,988,1100,537,409,1062,704,709,1058,1862,1427,2553,2523,1075,1547,2465,1049,2285,2361,1706,1616,2552,1973,1061,2305,3127,771,2962,1394,959,966,687,758,567,1308,1169,385,1347,466,1248,2215,772,1165,1119,1571,574,2154,552,1109,1101,1597,578,440,987,1581,1154,455,1606,1980,3051,1363,810,1573,2006,2818,739,2600,2993,2813,4225,5842,6129,5658,1709,1513,,,,,,,,,,,,,,,,,,,,,,,,,,,,,,,,,,,,,,,,,,,,,,,,,,,,,,,,,,,,,,,,,,,,,,,,,,,,,,,,,,,,,,,,,,,,,,,,
163.0547222,5081,2421,2165,2946,2594,1269,3028,5881,2830,5309,956,570,685,1142,511,310,810,1041,595,1033,850,549,983,1122,466,361,1021,716,675,1093,1605,1457,2600,2384,1057,1534,2450,1022,2241,2371,1563,1706,2543,1911,999,2314,3007,702,2884,1380,852,896,657,774,493,1347,1122,384,1332,373,1142,2178,817,1155,1153,1600,634,2090,571,950,1030,1524,588,400,940,1570,1139,496,1422,1904,2917,1328,795,1545,2134,2781,617,2585,3297,2885,4415,6299,6976,6156,1678,1603,,,,,,,,,,,,,,,,,,,,,,,,,,,,,,,,,,,,,,,,,,,,,,,,,,,,,,,,,,,,,,,,,,,,,,,,,,,,,,,,,,,,,,,,,,,,,,,,
165.0547222,4326,1966,1638,2498,2019,988,2635,4503,2306,4134,997,523,647,1072,506,301,745,974,577,987,855,529,981,1049,464,390,911,602,689,1051,1631,1430,2597,2372,898,1424,2337,1001,2236,2272,1502,1503,2518,1895,961,2213,2902,763,2894,1278,786,873,612,710,509,1268,1055,361,1267,391,1090,2142,768,1107,1106,1494,625,2121,569,979,1023,1628,571,390,865,1558,1095,402,1380,1923,2953,1283,764,1489,1943,2764,631,2540,3036,2659,4074,5877,7249,5361,1515,1592,,,,,,,,,,,,,,,,,,,,,,,,,,,,,,,,,,,,,,,,,,,,,,,,,,,,,,,,,,,,,,,,,,,,,,,,,,,,,,,,,,,,,,,,,,,,,,,,
167.0547222,3359,1352,1089,1870,1456,683,1828,2956,1541,2639,1166,479,640,1133,470,322,842,948,609,963,954,530,1001,1048,461,373,1009,648,725,985,1831,1380,2503,2494,1018,1438,2377,1087,2274,2244,1607,1637,2448,1905,990,2333,3001,815,2806,1269,886,897,547,768,520,1334,1152,387,1337,408,1150,2017,802,1137,1130,1567,611,2049,512,1021,973,1519,523,393,924,1555,1173,437,1523,1884,2883,1283,674,1462,2054,2780,650,2320,2717,2422,3756,5244,6322,4769,1375,1279,,,,,,,,,,,,,,,,,,,,,,,,,,,,,,,,,,,,,,,,,,,,,,,,,,,,,,,,,,,,,,,,,,,,,,,,,,,,,,,,,,,,,,,,,,,,,,,,
169.0547222,2215,939,755,1331,1046,466,1216,1909,1047,1720,910,536,643,1145,476,291,748,973,599,1018,816,539,988,1019,437,343,991,664,720,1021,1561,1410,2468,2344,1028,1526,2453,1079,2288,2246,1433,1566,2503,1817,971,2280,3065,879,2939,1214,780,877,599,729,501,1286,1062,417,1355,376,999,2187,746,1108,1111,1557,645,1985,545,862,988,1540,568,355,819,1542,1150,424,1323,1872,2895,1323,690,1435,1994,2792,668,1910,2102,1935,2849,4134,5225,3646,1000,1020,,,,,,,,,,,,,,,,,,,,,,,,,,,,,,,,,,,,,,,,,,,,,,,,,,,,,,,,,,,,,,,,,,,,,,,,,,,,,,,,,,,,,,,,,,,,,,,,
171.0547222,1654,692,492,974,762,338,951,1321,732,1174,1170,466,636,1185,480,284,850,968,585,1035,1046,508,1016,1046,458,379,966,660,620,1031,1669,1324,2532,2234,928,1437,2411,996,2173,2206,1461,1640,2505,1774,879,2212,2988,879,2802,1225,922,899,645,783,461,1260,1136,396,1373,412,1080,1979,709,1109,1114,1430,635,1990,519,1063,927,1515,541,346,883,1512,1132,447,1340,1816,2818,1249,676,1347,1945,2775,641,1513,1609,1429,1758,2833,3550,2260,687,666,,,,,,,,,,,,,,,,,,,,,,,,,,,,,,,,,,,,,,,,,,,,,,,,,,,,,,,,,,,,,,,,,,,,,,,,,,,,,,,,,,,,,,,,,,,,,,,,
173.0547222,1654,692,492,974,762,338,951,1321,732,1174,1170,466,636,1185,480,284,850,968,585,1035,1046,508,1016,1046,458,379,966,660,620,1031,1669,1324,2532,2234,928,1437,2411,996,2173,2206,1461,1640,2505,1774,879,2212,2988,879,2802,1225,922,899,645,783,461,1260,1136,396,1373,412,1080,1979,709,1109,1114,1430,635,1990,519,1063,927,1515,541,346,883,1512,1132,447,1340,1816,2818,1249,676,1347,1945,2775,641,1513,1609,1429,1758,2833,3550,2260,687,666,,,,,,,,,,,,,,,,,,,,,,,,,,,,,,,,,,,,,,,,,,,,,,,,,,,,,,,,,,,,,,,,,,,,,,,,,,,,,,,,,,,,,,,,,,,,,,,,
3.221111111,,,,,,,,,,,,,,,,,,,,,,,,,,,,,,,,,,,,,,,,,,,,,,,,,,,,,,,,,,,,,,,,,,,,,,,,,,,,,,,,,,,,,,,,,,,,,,,,,1680,2178,1932,2049,2542,2809,2556,2760,3042,3482,217,297,288,226,332,268,328,325,402,404,221,266,247,289,304,359,387,404,477,464,1997,1995,2078,2133,2026,2271,2882,2920,1901,1841,2144,2056,2440,2043,2049,2604,1497,1982,2054,1895,1029,1045,1169,1261,1291,1201,944,1055,1032,1038,1725,1867,1943,1215,1144,1310,1331,1591,1695,489,486,466,353,419,394,357,291,301,1643,1956,1470,1720,1958,2090,2149,2026,2259,1242,1506,1853,2036,1655,1515,1958,2272,1389
5.221111111,,,,,,,,,,,,,,,,,,,,,,,,,,,,,,,,,,,,,,,,,,,,,,,,,,,,,,,,,,,,,,,,,,,,,,,,,,,,,,,,,,,,,,,,,,,,,,,,,1172,1311,1201,1164,1296,1386,1401,1518,1464,1601,150,193,142,109,142,143,155,169,211,207,143,155,141,169,181,146,192,191,286,238,927,991,919,977,948,1010,1335,1413,1040,1050,1345,1395,1520,1378,1617,1501,1165,1494,1273,1401,559,625,566,682,642,534,573,512,575,516,1112,1166,1222,773,796,664,702,896,984,218,266,190,222,234,215,189,195,167,1298,1470,1138,1219,1186,1261,1424,1473,1415,827,944,1193,1256,949,880,1213,1500,901
7.221111111,,,,,,,,,,,,,,,,,,,,,,,,,,,,,,,,,,,,,,,,,,,,,,,,,,,,,,,,,,,,,,,,,,,,,,,,,,,,,,,,,,,,,,,,,,,,,,,,,2167,2934,2823,2074,2563,2158,2428,2566,2640,2928,153,219,213,169,140,163,173,183,243,241,145,158,185,167,162,144,218,263,311,287,958,983,967,987,970,807,1599,1494,1436,1296,1982,2262,2136,2068,2481,2119,1835,2770,2163,2117,525,642,592,953,1041,515,716,635,634,512,1156,1301,1229,974,1005,663,696,846,840,247,299,261,202,301,194,177,185,181,1786,2075,1469,1634,1797,1760,1702,2056,1831,2227,2291,2468,2589,2351,2239,2619,3000,2309
9.221111111,,,,,,,,,,,,,,,,,,,,,,,,,,,,,,,,,,,,,,,,,,,,,,,,,,,,,,,,,,,,,,,,,,,,,,,,,,,,,,,,,,,,,,,,,,,,,,,,,3116,3400,3680,3024,3982,3113,3840,4114,4194,4263,202,272,235,175,178,186,248,196,384,369,146,186,173,209,197,208,268,257,418,373,908,1113,923,968,1030,821,1746,1812,1517,1457,2080,3057,2212,2723,3349,2212,1968,3081,2998,2383,441,545,453,1016,1204,494,687,732,475,441,1018,1271,1158,840,862,683,650,774,811,394,482,409,265,360,247,255,226,244,2324,2866,1635,2034,2383,2415,2307,3588,2682,3361,3769,4461,5357,3711,3524,4069,5826,3519
11.22111111,,,,,,,,,,,,,,,,,,,,,,,,,,,,,,,,,,,,,,,,,,,,,,,,,,,,,,,,,,,,,,,,,,,,,,,,,,,,,,,,,,,,,,,,,,,,,,,,,3693,3961,4053,3950,4657,3831,4535,5095,5777,5911,205,245,287,232,205,190,266,284,437,465,205,201,238,210,228,229,399,344,525,460,851,1097,790,884,1119,799,1729,1674,1437,1231,1634,3044,2051,2824,3952,1901,1808,2937,2655,2321,267,477,365,815,928,355,488,519,371,362,752,1167,862,647,647,539,500,589,567,537,631,622,377,455,332,363,391,322,2542,3144,1579,2257,2932,3152,2922,4604,3550,4282,4897,5896,7514,4706,4857,5595,7789,4109
13.22111111,,,,,,,,,,,,,,,,,,,,,,,,,,,,,,,,,,,,,,,,,,,,,,,,,,,,,,,,,,,,,,,,,,,,,,,,,,,,,,,,,,,,,,,,,,,,,,,,,4743,8148,6628,4497,5641,3788,4635,5166,6016,6051,254,417,289,233,375,243,386,386,333,382,207,336,242,236,367,242,407,417,548,569,604,1086,718,664,1056,566,1527,1683,1702,1536,1212,2418,1542,2124,3110,1264,3679,3960,2500,2058,208,418,252,607,684,210,591,585,443,329,433,810,515,826,755,522,543,496,485,536,525,702,631,661,642,606,536,513,4204,5346,1525,2400,2963,2909,2595,4116,2976,5574,5388,5891,8868,6894,5570,5897,8211,4856
15.22111111,,,,,,,,,,,,,,,,,,,,,,,,,,,,,,,,,,,,,,,,,,,,,,,,,,,,,,,,,,,,,,,,,,,,,,,,,,,,,,,,,,,,,,,,,,,,,,,,,3124,5572,4551,2904,3865,2481,2963,3333,3995,4053,126,181,129,98,136,121,131,131,108,156,105,137,109,113,157,114,136,138,223,213,272,436,272,248,373,258,573,601,756,676,509,1175,696,1107,1758,600,2224,2303,1188,955,104,148,118,222,237,106,244,251,152,127,182,402,230,410,354,220,237,217,210,217,193,298,243,295,213,256,187,231,2548,3084,770,1239,1566,1544,1343,2320,1590,4021,3585,4088,5890,4898,3778,4151,5522,3172
17.22111111,,,,,,,,,,,,,,,,,,,,,,,,,,,,,,,,,,,,,,,,,,,,,,,,,,,,,,,,,,,,,,,,,,,,,,,,,,,,,,,,,,,,,,,,,,,,,,,,,1679,2970,2450,1442,2031,1176,1475,1712,1955,1947,56,73,79,57,80,48,47,25,84,87,51,73,49,40,54,61,60,47,102,93,102,191,120,139,120,150,186,217,286,255,216,556,261,478,824,226,1250,1255,541,367,58,30,51,87,100,70,108,102,72,62,70,157,90,170,167,102,91,96,85,97,102,95,111,137,104,97,92,81,1459,1683,360,510,721,781,659,1011,828,2423,2073,2308,3232,2855,2288,2515,3106,1822
19.22111111,,,,,,,,,,,,,,,,,,,,,,,,,,,,,,,,,,,,,,,,,,,,,,,,,,,,,,,,,,,,,,,,,,,,,,,,,,,,,,,,,,,,,,,,,,,,,,,,,737,1367,1196,698,941,483,658,801,845,980,61,41,47,40,38,57,36,51,57,46,29,53,63,62,52,36,41,63,78,62,65,101,96,41,79,102,116,135,165,116,136,244,119,224,355,93,641,630,243,152,40,35,34,78,49,62,63,63,43,45,69,92,73,95,128,79,70,65,62,52,88,81,78,90,66,84,41,42,682,836,168,263,334,282,255,446,363,1358,1167,1333,1757,1572,1265,1368,1689,918
21.22111111,,,,,,,,,,,,,,,,,,,,,,,,,,,,,,,,,,,,,,,,,,,,,,,,,,,,,,,,,,,,,,,,,,,,,,,,,,,,,,,,,,,,,,,,,,,,,,,,,309,589,561,310,410,247,289,362,428,454,55,50,60,40,56,44,45,36,34,46,45,58,38,58,37,47,40,35,51,53,56,60,69,43,48,69,76,105,71,102,70,122,117,87,164,56,316,268,102,105,52,63,41,38,56,22,56,46,52,40,43,95,58,48,44,46,32,48,40,58,50,79,61,69,66,64,52,46,329,398,72,130,166,144,166,178,146,724,546,650,898,836,580,641,807,390
23.22111111,,,,,,,,,,,,,,,,,,,,,,,,,,,,,,,,,,,,,,,,,,,,,,,,,,,,,,,,,,,,,,,,,,,,,,,,,,,,,,,,,,,,,,,,,,,,,,,,,171,282,267,143,208,134,145,166,181,180,39,26,41,27,40,33,31,47,29,38,31,22,43,33,34,31,34,33,42,18,50,53,71,30,23,71,53,67,50,63,49,51,55,58,77,63,133,138,93,57,45,31,30,32,47,31,28,22,21,33,55,40,58,61,49,41,55,34,30,52,57,74,69,64,42,33,63,30,168,138,55,85,65,74,78,73,96,324,218,257,403,390,252,279,364,174
25.22111111,,,,,,,,,,,,,,,,,,,,,,,,,,,,,,,,,,,,,,,,,,,,,,,,,,,,,,,,,,,,,,,,,,,,,,,,,,,,,,,,,,,,,,,,,,,,,,,,,275,251,221,181,173,200,242,162,219,220,75,89,67,58,85,58,58,95,86,75,96,80,43,70,91,77,59,70,141,96,126,209,107,155,160,81,190,223,187,145,114,230,93,141,220,118,187,175,177,166,51,81,44,84,107,78,90,119,54,72,80,136,77,175,120,90,90,112,79,74,78,115,109,109,76,83,69,86,239,195,194,148,179,192,169,250,185,215,164,218,218,188,178,218,191,244
27.22111111,,,,,,,,,,,,,,,,,,,,,,,,,,,,,,,,,,,,,,,,,,,,,,,,,,,,,,,,,,,,,,,,,,,,,,,,,,,,,,,,,,,,,,,,,,,,,,,,,308,342,335,326,345,281,442,337,345,372,113,132,133,90,102,125,103,84,97,111,106,113,88,98,106,100,99,134,183,160,610,552,519,722,661,539,620,695,507,438,294,395,292,337,380,278,262,263,298,287,91,100,96,107,110,78,138,141,87,88,444,769,629,365,465,455,451,617,602,211,94,145,183,147,114,161,144,183,267,237,419,254,312,338,341,292,288,164,150,186,190,206,195,222,173,190
29.22111111,,,,,,,,,,,,,,,,,,,,,,,,,,,,,,,,,,,,,,,,,,,,,,,,,,,,,,,,,,,,,,,,,,,,,,,,,,,,,,,,,,,,,,,,,,,,,,,,,892,811,1011,1039,1065,921,1343,1210,1174,1262,179,199,178,159,185,138,184,191,171,188,185,152,161,200,246,183,200,186,209,196,1620,1975,1753,2212,2187,1251,2280,2753,1540,1523,884,1088,1128,939,1255,806,462,581,783,930,120,185,181,169,237,146,198,211,208,136,1310,2517,2311,820,1879,1732,1657,2313,2089,501,215,315,327,290,295,320,213,350,319,355,716,495,625,632,603,524,622,395,444,465,416,366,407,505,428,666
31.22111111,,,,,,,,,,,,,,,,,,,,,,,,,,,,,,,,,,,,,,,,,,,,,,,,,,,,,,,,,,,,,,,,,,,,,,,,,,,,,,,,,,,,,,,,,,,,,,,,,1893,2095,2802,2341,2526,1973,3399,3079,3274,3347,284,302,333,275,279,251,379,314,269,327,273,329,293,320,298,295,340,382,294,438,2354,2858,2548,3166,3245,1685,3448,4386,2362,2168,1762,2158,2340,1946,2617,1642,1016,1230,1746,1995,244,308,317,356,449,206,321,330,280,247,1836,3385,3162,1023,2065,2349,2231,3090,2698,922,359,602,632,584,594,694,451,598,389,581,939,850,920,1066,1061,958,1171,952,1413,1504,1383,991,1280,1658,1220,1845
33.22111111,,,,,,,,,,,,,,,,,,,,,,,,,,,,,,,,,,,,,,,,,,,,,,,,,,,,,,,,,,,,,,,,,,,,,,,,,,,,,,,,,,,,,,,,,,,,,,,,,2695,3978,3837,3368,4056,2538,4798,4712,5972,5776,465,466,473,382,430,445,519,448,406,628,401,414,431,459,509,433,570,529,416,574,2417,3306,2593,3126,3680,1931,3667,4877,2690,2234,2298,3402,3078,2933,4194,2216,1506,2193,2816,2912,316,449,432,407,537,269,441,372,379,359,1549,3291,2792,999,1923,2136,2008,2602,2275,1587,583,954,919,809,918,981,692,936,589,796,1012,1191,1505,1690,1735,1850,1930,1792,3025,3475,4377,2130,3249,3918,2890,3046
35.22111111,,,,,,,,,,,,,,,,,,,,,,,,,,,,,,,,,,,,,,,,,,,,,,,,,,,,,,,,,,,,,,,,,,,,,,,,,,,,,,,,,,,,,,,,,,,,,,,,,3265,5399,4980,4303,5525,3080,5959,6218,7665,7799,511,483,461,513,472,589,440,459,420,605,461,468,541,542,525,559,547,584,575,693,2068,2779,2311,2607,3057,1708,2877,3961,2480,2056,2327,3585,3173,3425,4737,2217,1862,2742,3248,3089,382,483,456,498,594,389,463,420,389,393,1065,2263,1750,1015,1453,1496,1386,1727,1379,1971,792,1241,1068,955,1062,1191,798,1020,942,1304,1188,1729,2208,2478,2487,2907,2969,2415,4510,5774,8106,3239,4970,5991,4873,4056
37.22111111,,,,,,,,,,,,,,,,,,,,,,,,,,,,,,,,,,,,,,,,,,,,,,,,,,,,,,,,,,,,,,,,,,,,,,,,,,,,,,,,,,,,,,,,,,,,,,,,,3136,5566,5141,4232,5628,3412,6070,6421,8206,8292,579,475,538,483,432,598,479,426,363,549,508,435,508,549,487,715,537,522,768,682,1802,2024,1690,1863,2343,1446,2389,2779,2020,1610,1633,3154,1990,2846,4029,1621,1773,2292,2815,2503,436,427,475,545,532,378,525,448,440,414,802,1293,1089,938,993,962,913,1073,896,1862,1251,1243,996,977,973,1023,741,897,1308,1947,1199,2107,2792,3222,3093,3961,3699,2666,5569,7200,10587,3781,6108,7348,6345,4261
39.22111111,,,,,,,,,,,,,,,,,,,,,,,,,,,,,,,,,,,,,,,,,,,,,,,,,,,,,,,,,,,,,,,,,,,,,,,,,,,,,,,,,,,,,,,,,,,,,,,,,2845,5455,4726,3558,4887,3204,4956,5505,7157,7408,597,431,445,399,393,610,424,398,330,543,491,370,560,518,419,743,462,454,714,676,1515,1737,1491,1554,1846,1277,1865,2122,1674,1318,918,2240,1105,1906,2577,1026,1580,1931,2063,1676,496,458,484,546,539,468,552,457,435,472,775,846,803,776,731,717,741,791,730,1529,1546,1281,890,789,841,925,693,811,1663,2536,1309,2549,3148,3717,3503,4603,4147,2506,5018,6424,9987,3420,5616,6670,6903,3990
41.22111111,,,,,,,,,,,,,,,,,,,,,,,,,,,,,,,,,,,,,,,,,,,,,,,,,,,,,,,,,,,,,,,,,,,,,,,,,,,,,,,,,,,,,,,,,,,,,,,,,1912,4281,3670,2309,3693,1892,3244,3930,5071,5244,458,417,454,341,358,549,359,356,363,465,465,411,432,440,371,680,415,415,624,594,1556,1466,1366,1370,1524,1076,1807,1706,1535,1205,568,1389,751,1295,1539,708,1251,1526,1428,1117,580,415,527,634,529,477,543,467,438,449,757,714,728,721,673,671,609,628,646,1292,1256,1175,769,711,679,782,657,735,2063,2761,1478,2709,3246,3815,3526,4271,4240,1834,3183,4337,7083,2351,3665,4266,5539,2517
43.22111111,,,,,,,,,,,,,,,,,,,,,,,,,,,,,,,,,,,,,,,,,,,,,,,,,,,,,,,,,,,,,,,,,,,,,,,,,,,,,,,,,,,,,,,,,,,,,,,,,1206,3007,2383,1268,2183,980,1728,2050,2804,2824,463,330,376,345,366,486,385,340,337,528,421,349,416,404,373,608,376,375,537,541,1574,1324,1344,1372,1465,1187,1874,1582,1487,1199,493,1019,607,978,1065,535,1050,1182,1043,960,623,412,548,913,595,476,593,501,503,515,794,736,724,632,596,564,596,618,667,1027,1101,1263,718,656,657,709,613,628,2436,3020,1463,2813,3345,3556,3560,3372,3901,1020,1517,1982,3586,1223,1847,1976,3188,1219
45.22111111,,,,,,,,,,,,,,,,,,,,,,,,,,,,,,,,,,,,,,,,,,,,,,,,,,,,,,,,,,,,,,,,,,,,,,,,,,,,,,,,,,,,,,,,,,,,,,,,,805,1931,1317,749,1116,592,935,1056,1209,1272,405,406,411,394,348,474,397,374,365,561,407,397,442,419,396,547,411,421,605,571,1529,1403,1322,1436,1450,1161,2315,1529,1424,1228,502,864,655,795,906,565,1019,1160,973,867,658,485,576,1053,708,524,630,547,570,521,761,688,833,675,645,637,593,658,662,1126,1090,1330,772,683,694,738,629,654,2366,2947,1559,2730,2931,3016,2877,2231,3287,533,667,718,1332,578,676,696,1369,578
47.22111111,,,,,,,,,,,,,,,,,,,,,,,,,,,,,,,,,,,,,,,,,,,,,,,,,,,,,,,,,,,,,,,,,,,,,,,,,,,,,,,,,,,,,,,,,,,,,,,,,617,1288,841,509,743,436,638,675,718,749,366,386,426,415,362,458,408,344,488,609,400,420,432,431,361,524,427,425,637,544,1558,1414,1401,1505,1360,1190,2949,1641,1403,1253,615,857,846,767,857,561,886,1178,842,928,621,507,621,1150,786,582,677,656,576,587,730,688,822,727,695,723,681,743,666,1119,1087,1264,790,684,774,791,692,791,2265,2714,1674,2449,2345,2422,2459,1456,2380,318,390,370,610,334,378,429,667,410
49.22111111,,,,,,,,,,,,,,,,,,,,,,,,,,,,,,,,,,,,,,,,,,,,,,,,,,,,,,,,,,,,,,,,,,,,,,,,,,,,,,,,,,,,,,,,,,,,,,,,,597,929,788,514,600,517,681,642,567,670,418,431,512,418,384,462,408,394,678,821,419,435,438,479,462,536,420,420,623,575,1567,1519,1475,1666,1567,1254,3083,1900,1378,1269,830,857,1091,928,958,741,996,1206,967,985,615,495,725,1240,984,634,760,662,663,631,800,674,900,781,757,724,738,765,783,1197,1270,1386,854,880,888,923,753,980,2201,2492,1914,2235,1951,1897,2083,1075,1847,291,290,281,438,297,330,293,510,353
51.22111111,,,,,,,,,,,,,,,,,,,,,,,,,,,,,,,,,,,,,,,,,,,,,,,,,,,,,,,,,,,,,,,,,,,,,,,,,,,,,,,,,,,,,,,,,,,,,,,,,864,1179,1088,839,908,955,948,863,683,873,408,495,634,483,396,495,417,398,682,760,423,431,501,520,474,494,482,462,704,641,1654,1541,1636,1723,1582,1257,3076,2118,1385,1372,1237,1095,1530,1090,1108,1046,1112,1423,1243,1388,659,500,761,1211,1197,591,765,678,620,707,822,744,1056,801,866,796,835,757,866,1399,1399,1463,858,1025,855,1032,741,1031,2077,2222,1964,1825,1508,1594,1780,798,1689,329,329,312,411,314,370,394,500,417
53.22111111,,,,,,,,,,,,,,,,,,,,,,,,,,,,,,,,,,,,,,,,,,,,,,,,,,,,,,,,,,,,,,,,,,,,,,,,,,,,,,,,,,,,,,,,,,,,,,,,,1688,1866,2187,1851,1748,1881,2067,1812,1496,2007,452,539,645,507,412,495,448,411,628,841,430,519,543,558,453,570,496,487,693,679,1715,1694,1600,1771,1618,1271,3082,2428,1390,1536,1751,1368,2428,1372,1371,1507,1283,1789,1558,1862,613,528,769,1118,1495,601,779,788,694,741,914,790,1134,1017,980,891,838,880,914,1589,1559,1628,959,1371,1021,1172,824,1081,1888,1997,2027,1576,1522,1555,1719,844,1651,657,701,617,871,558,681,732,1092,908
55.22111111,,,,,,,,,,,,,,,,,,,,,,,,,,,,,,,,,,,,,,,,,,,,,,,,,,,,,,,,,,,,,,,,,,,,,,,,,,,,,,,,,,,,,,,,,,,,,,,,,3058,3706,4268,3028,3582,3291,4051,3799,3115,4093,476,548,673,524,460,493,490,443,605,736,460,517,635,632,521,564,479,529,736,639,1685,1747,1646,1785,1644,1362,3266,3052,1437,1775,2406,1993,3209,2005,1776,1923,1439,2177,1959,2433,683,520,855,1280,1421,748,799,847,654,747,973,772,1182,1050,1049,927,942,890,1020,1666,1605,1779,1046,1503,1101,1122,854,1175,1801,1905,2199,1631,1573,1744,2044,964,1985,1545,2069,1514,2702,1929,1858,1903,3013,2249
57.22111111,,,,,,,,,,,,,,,,,,,,,,,,,,,,,,,,,,,,,,,,,,,,,,,,,,,,,,,,,,,,,,,,,,,,,,,,,,,,,,,,,,,,,,,,,,,,,,,,,4222,5729,6028,4107,5237,4342,5986,5735,4921,6596,502,550,707,555,443,479,502,427,675,827,470,560,644,605,481,566,488,463,804,782,1854,1696,1759,1872,1618,1515,3410,3433,1481,2325,3140,2489,3652,2597,2332,2536,1740,2662,2430,2924,669,529,884,1282,1311,728,786,937,700,750,1164,841,1304,1156,1219,999,1001,918,1151,1698,1655,1955,1189,1581,1039,1180,858,1094,1878,1910,2388,1862,1913,2110,2327,1332,2415,3406,4005,3471,6581,4457,4093,4248,7073,4106
59.22111111,,,,,,,,,,,,,,,,,,,,,,,,,,,,,,,,,,,,,,,,,,,,,,,,,,,,,,,,,,,,,,,,,,,,,,,,,,,,,,,,,,,,,,,,,,,,,,,,,5128,7441,7597,4729,6375,5152,7290,7101,6243,8123,553,773,712,569,513,561,454,449,646,783,551,555,684,653,504,646,523,511,761,790,1986,1749,1795,1918,1645,1556,3509,3501,1648,2447,3334,2780,3669,3168,2436,2800,2000,3021,2766,2980,718,541,972,1250,1214,729,826,1264,734,823,1167,909,1489,1286,1291,1171,1123,1010,1280,1892,1629,2014,1387,1703,1076,1198,819,1154,1961,2185,2660,2152,2222,2526,2821,1814,2909,5309,6303,5757,11860,7266,6484,6701,11757,5787
61.22111111,,,,,,,,,,,,,,,,,,,,,,,,,,,,,,,,,,,,,,,,,,,,,,,,,,,,,,,,,,,,,,,,,,,,,,,,,,,,,,,,,,,,,,,,,,,,,,,,,5216,7723,7761,4452,6253,5208,7072,6801,6115,8043,507,834,760,658,504,609,505,451,717,772,558,537,775,738,498,689,530,465,864,817,2067,1806,1775,2056,1672,1641,3645,3514,1858,2404,3073,2828,3207,3339,2593,2634,2255,3184,2800,2816,784,535,974,1288,1185,817,878,1178,666,805,1233,921,1708,1351,1468,1134,1161,1071,1387,1943,1743,2019,1640,1782,1077,1213,987,1170,2227,2490,2821,2164,2522,2902,3199,2235,3393,6595,7301,6852,15494,8776,7403,7935,14502,6719
63.22111111,,,,,,,,,,,,,,,,,,,,,,,,,,,,,,,,,,,,,,,,,,,,,,,,,,,,,,,,,,,,,,,,,,,,,,,,,,,,,,,,,,,,,,,,,,,,,,,,,5056,7377,7734,4262,5594,4819,6740,6558,5611,7328,622,845,834,661,547,620,547,412,687,829,587,604,815,718,510,716,447,478,934,787,2174,1750,1887,2126,1759,1729,3667,3562,2379,2584,2541,2610,2684,3456,2281,2327,2129,3097,2704,2582,812,551,1011,1265,1086,814,886,1265,751,794,1415,958,1906,1436,1496,1297,1324,1076,1367,2012,1736,2095,1799,1759,1098,1179,876,1234,2756,3330,2940,2337,2800,3165,3638,2575,3680,6835,7235,6724,15074,9203,7323,7685,14317,6748
65.22111111,,,,,,,,,,,,,,,,,,,,,,,,,,,,,,,,,,,,,,,,,,,,,,,,,,,,,,,,,,,,,,,,,,,,,,,,,,,,,,,,,,,,,,,,,,,,,,,,,4235,6689,6834,3771,4740,3943,5659,5536,4675,6381,628,780,808,704,546,668,565,437,628,858,591,611,868,763,550,810,507,477,876,876,2194,1875,2001,2199,1726,1746,3871,3629,2834,2748,2055,2190,2219,3114,1868,2113,2245,2979,2196,2221,888,525,1103,1423,1087,878,1038,1203,754,930,1412,1107,2071,1633,1665,1270,1345,1225,1581,1970,1701,2155,1710,1806,1089,1162,927,1318,3186,3800,3073,2302,2820,3281,3666,2680,3882,6391,6229,5669,13185,8417,6398,6474,12649,6053
67.22111111,,,,,,,,,,,,,,,,,,,,,,,,,,,,,,,,,,,,,,,,,,,,,,,,,,,,,,,,,,,,,,,,,,,,,,,,,,,,,,,,,,,,,,,,,,,,,,,,,3007,4968,4763,2801,3390,2745,3731,3744,2971,3993,672,825,843,732,508,678,522,426,685,768,667,580,900,833,548,792,504,417,873,883,2410,1800,2111,2247,1837,1941,3881,3723,2825,2734,1862,1930,1886,2799,1639,1883,2005,2704,1960,1925,895,555,1202,1379,1079,916,1463,1304,818,912,1528,1033,2390,1663,1781,1369,1324,1308,1655,2011,1847,2115,1772,1844,1133,1277,868,1369,3434,3938,3151,2300,2895,3430,3638,2436,3643,4830,4246,3952,8975,6205,4287,4323,8185,4239
69.22111111,,,,,,,,,,,,,,,,,,,,,,,,,,,,,,,,,,,,,,,,,,,,,,,,,,,,,,,,,,,,,,,,,,,,,,,,,,,,,,,,,,,,,,,,,,,,,,,,,1869,3023,2847,1717,1840,1571,1989,1890,1527,1963,655,820,934,724,534,691,562,442,628,835,667,592,919,766,524,834,460,434,947,919,2549,1784,2198,2526,1799,1900,3891,3718,2961,2924,1678,1595,1750,2795,1244,1679,1762,2496,1670,1701,1003,513,1177,1310,1096,990,1213,1295,773,913,1550,1064,2600,1758,1786,1456,1424,1281,1715,2055,1771,2093,1838,1876,1096,1293,921,1336,3468,3962,3166,2091,2698,3151,3469,2131,3237,2910,2059,1790,4380,3506,2095,1933,4263,2472
71.22111111,,,,,,,,,,,,,,,,,,,,,,,,,,,,,,,,,,,,,,,,,,,,,,,,,,,,,,,,,,,,,,,,,,,,,,,,,,,,,,,,,,,,,,,,,,,,,,,,,1297,1869,1698,1392,989,998,1200,1011,773,1090,718,874,915,761,568,713,562,464,683,844,741,657,1056,791,548,856,518,473,963,956,2710,2027,2351,2663,1899,2064,4077,3908,3020,3064,1840,1560,1853,2873,1342,1820,1747,2454,1593,1812,1046,527,1305,1408,1101,1005,1274,1333,814,961,1764,1081,3552,1761,1983,1486,1557,1385,1847,2168,1820,2269,1872,1958,1236,1371,943,1380,3408,3907,3267,2187,2549,3178,3351,1746,3061,1457,986,895,1911,1888,1010,994,2004,1255
73.22111111,,,,,,,,,,,,,,,,,,,,,,,,,,,,,,,,,,,,,,,,,,,,,,,,,,,,,,,,,,,,,,,,,,,,,,,,,,,,,,,,,,,,,,,,,,,,,,,,,1028,1147,1138,1004,675,794,818,683,414,630,678,854,942,755,522,682,554,423,707,800,723,575,1207,764,488,780,490,400,1065,963,2760,1916,2586,2658,1698,2109,3817,3735,3014,3060,2014,1515,2076,2898,1040,1916,1807,2402,1579,1678,1106,501,1357,1350,1075,1040,1279,1250,756,884,1722,945,3168,1745,1945,1469,1511,1321,1830,2109,1701,2319,1886,1953,1163,1276,877,1344,2982,3443,3129,1975,2179,2696,2914,1357,2554,783,531,445,920,979,517,425,952,748
75.22111111,,,,,,,,,,,,,,,,,,,,,,,,,,,,,,,,,,,,,,,,,,,,,,,,,,,,,,,,,,,,,,,,,,,,,,,,,,,,,,,,,,,,,,,,,,,,,,,,,1103,1077,1134,1162,633,983,868,731,360,581,767,889,953,794,577,727,564,425,725,799,754,589,1126,779,506,847,464,444,974,990,2870,1887,2806,2884,1688,2131,3923,3675,3082,3183,2449,1693,2296,3295,1232,2182,1752,2565,1590,1888,1087,478,1445,1337,950,1110,1225,1283,808,898,1885,947,3314,1877,1950,1525,1552,1400,1900,2222,1692,2389,1875,2011,1101,1317,885,1363,2950,3104,3244,1800,2029,2501,2754,1229,2389,574,479,366,552,634,431,371,644,625
77.22111111,,,,,,,,,,,,,,,,,,,,,,,,,,,,,,,,,,,,,,,,,,,,,,,,,,,,,,,,,,,,,,,,,,,,,,,,,,,,,,,,,,,,,,,,,,,,,,,,,1887,1439,1880,2249,1127,1848,1569,1261,641,1009,759,882,1035,702,563,790,542,351,696,828,810,601,1135,736,478,868,474,401,997,923,2925,1903,3197,3043,1634,2102,3672,3674,3141,3323,3075,1893,2700,3747,1306,2539,1801,2693,1759,2090,1148,432,1650,1309,1011,1080,1255,1286,792,906,1909,977,3362,1729,1854,1478,1454,1320,1936,2190,1702,2301,1959,2004,1114,1339,933,1303,2711,2869,3210,1850,1820,2250,2528,1168,2164,645,585,431,595,697,583,510,827,813
79.22111111,,,,,,,,,,,,,,,,,,,,,,,,,,,,,,,,,,,,,,,,,,,,,,,,,,,,,,,,,,,,,,,,,,,,,,,,,,,,,,,,,,,,,,,,,,,,,,,,,3435,2831,3793,4187,2432,3402,3295,2612,1409,2215,715,890,1052,801,545,781,548,389,685,819,796,563,1126,783,503,912,504,379,989,981,3062,1879,3121,3144,1571,2150,3597,3575,3032,3325,3429,2089,3014,4207,1389,2897,2063,2781,1951,2259,1195,469,1638,1329,933,1078,1228,1253,733,942,1988,860,3316,1955,1878,1468,1453,1252,1925,2253,1649,2467,1939,2097,1116,1279,899,1214,2777,2709,3340,1695,1877,2296,2665,1113,2250,1147,1279,830,1139,1260,1155,1117,1740,1596
81.22111111,,,,,,,,,,,,,,,,,,,,,,,,,,,,,,,,,,,,,,,,,,,,,,,,,,,,,,,,,,,,,,,,,,,,,,,,,,,,,,,,,,,,,,,,,,,,,,,,,5415,4877,6420,6505,4368,5237,5393,4303,2541,3713,784,890,1033,825,510,747,516,416,739,816,836,564,1158,819,505,916,515,374,1058,993,3091,1796,3304,3195,1430,2341,3581,3408,2817,3315,3595,2263,3268,4668,1404,3054,2067,2953,2025,2578,1214,442,1641,1331,951,1100,1213,1315,717,883,2030,851,3458,1829,1988,1386,1504,1294,1996,2300,1685,2380,2080,2119,1147,1241,824,1214,2723,2713,3426,1739,1959,2322,2558,1254,2341,2619,2632,1877,2977,3076,2543,2575,4288,3340
83.22111111,,,,,,,,,,,,,,,,,,,,,,,,,,,,,,,,,,,,,,,,,,,,,,,,,,,,,,,,,,,,,,,,,,,,,,,,,,,,,,,,,,,,,,,,,,,,,,,,,6934,6813,8212,7795,6009,6291,6486,5626,3375,4878,772,897,1013,915,557,767,545,421,675,838,823,637,1154,796,468,986,544,352,1038,959,3260,1785,3245,3416,1457,2281,3428,3356,2922,3339,3614,2238,3356,4724,1501,3204,2271,3109,2246,2549,1219,428,1611,1258,942,1132,1194,1296,721,925,2014,823,3400,1837,1881,1416,1398,1250,1942,2164,1633,2287,2054,2217,1155,1282,839,1216,2809,2779,3491,1803,2079,2362,2829,1343,2374,5108,4647,3241,6153,5935,4232,4169,8727,5684
85.22111111,,,,,,,,,,,,,,,,,,,,,,,,,,,,,,,,,,,,,,,,,,,,,,,,,,,,,,,,,,,,,,,,,,,,,,,,,,,,,,,,,,,,,,,,,,,,,,,,,7306,7987,9371,8028,6889,6636,6832,6066,3720,5188,775,932,1113,890,565,846,583,394,732,835,824,612,1214,852,474,876,522,382,1058,1032,3281,1748,3294,3732,1491,2425,3434,3455,3076,3432,3565,2377,3410,4630,1495,3125,2282,3088,2218,2775,1194,413,1737,1410,956,1272,1208,1352,723,886,2198,838,3429,1870,1863,1490,1579,1207,1931,2290,1610,2428,2035,2247,1023,1332,852,1194,3084,3010,3573,1983,2323,2540,2937,1513,2537,7182,5943,4474,8806,8636,5628,5566,12861,7639
87.22111111,,,,,,,,,,,,,,,,,,,,,,,,,,,,,,,,,,,,,,,,,,,,,,,,,,,,,,,,,,,,,,,,,,,,,,,,,,,,,,,,,,,,,,,,,,,,,,,,,7402,7850,9159,7967,7207,6479,6506,5614,3672,4800,803,911,1152,1025,553,872,615,406,726,850,830,633,1268,890,542,876,622,416,1117,1011,3383,1792,3369,4179,1450,2448,3365,3257,3106,3510,3389,2238,3336,4437,1318,2945,2433,3252,2248,2885,1328,452,1694,1384,924,1277,1227,1289,779,912,2343,823,3581,1867,1882,1472,1658,1341,2008,2270,1691,2421,2171,2353,1152,1308,851,1184,3266,3424,3748,2104,2585,2682,3084,1606,2670,8280,6310,4507,9366,9648,6115,5739,13679,8682
89.22111111,,,,,,,,,,,,,,,,,,,,,,,,,,,,,,,,,,,,,,,,,,,,,,,,,,,,,,,,,,,,,,,,,,,,,,,,,,,,,,,,,,,,,,,,,,,,,,,,,6449,6963,8227,6802,7218,5656,5516,4651,2965,4045,858,964,1068,1143,522,797,594,370,674,842,870,638,1209,899,501,978,572,363,1116,1045,3371,1617,3336,3969,1346,2492,3247,3059,3020,3434,3078,1878,3135,3906,1191,2855,2238,2982,2091,2732,1284,420,1718,1294,929,1229,1234,1293,667,958,2333,744,3371,1820,1855,1606,1694,1210,1908,2344,1551,2441,2099,2313,1042,1121,784,1118,3364,3610,3815,2187,2752,2512,2977,1505,2619,8055,5434,3791,8407,9151,4928,4976,12441,8152
91.22111111,,,,,,,,,,,,,,,,,,,,,,,,,,,,,,,,,,,,,,,,,,,,,,,,,,,,,,,,,,,,,,,,,,,,,,,,,,,,,,,,,,,,,,,,,,,,,,,,,5031,5761,6533,5130,6521,4139,4013,3540,2387,3052,858,953,1112,1224,560,854,577,391,712,862,880,702,1305,982,552,987,599,377,1124,1027,3504,1720,3337,3766,1273,2461,3334,3069,3071,3327,2878,1715,3482,3631,1124,2750,2171,2932,2027,3031,1366,466,1640,1257,939,1312,1179,1329,733,879,2218,744,3433,1844,1972,1637,1824,1181,1900,2268,1536,2381,2168,2303,1077,1168,762,1161,3572,3769,3841,2612,3171,2555,2878,1389,2613,7004,4342,3235,6858,7941,4051,3893,10219,6881
93.22111111,,,,,,,,,,,,,,,,,,,,,,,,,,,,,,,,,,,,,,,,,,,,,,,,,,,,,,,,,,,,,,,,,,,,,,,,,,,,,,,,,,,,,,,,,,,,,,,,,3195,3819,4104,3177,3604,2516,2317,2028,1315,1792,854,957,1120,1030,512,893,542,381,655,850,838,710,1337,993,491,920,604,385,1077,1039,3710,1523,3308,3896,1242,2594,3134,2990,3028,3405,2834,1530,3418,3259,1015,2636,2030,2808,2007,3283,1263,353,1639,1248,883,1304,1155,1317,713,879,2275,703,3344,1799,1894,1734,1883,1155,1860,2226,1478,2231,2125,2168,1005,1165,736,1110,3588,4009,3825,3045,3391,2399,2709,1262,2526,5066,2946,1981,4454,5628,2734,2561,6631,4964
95.22111111,,,,,,,,,,,,,,,,,,,,,,,,,,,,,,,,,,,,,,,,,,,,,,,,,,,,,,,,,,,,,,,,,,,,,,,,,,,,,,,,,,,,,,,,,,,,,,,,,1932,2309,2383,1776,1958,1599,1216,1000,765,1028,884,976,1080,1134,558,920,637,418,662,897,907,745,1320,1155,539,935,662,360,1128,1020,3561,1590,3349,3884,1241,2484,3064,2865,3028,3574,2993,1432,3610,3321,890,2635,2065,2877,2122,3356,1377,381,1624,1193,987,1375,1190,1402,691,958,2346,683,3422,1901,1973,1867,2249,1129,1874,2251,1558,2379,2198,2265,1032,1104,744,1027,3658,3741,3738,3181,3455,2319,2688,1212,2449,3111,1684,1144,2391,3303,1470,1304,3516,2829
97.22111111,,,,,,,,,,,,,,,,,,,,,,,,,,,,,,,,,,,,,,,,,,,,,,,,,,,,,,,,,,,,,,,,,,,,,,,,,,,,,,,,,,,,,,,,,,,,,,,,,1375,1504,1470,1145,1192,1127,788,648,434,583,905,1018,1186,1193,597,922,601,463,686,882,943,861,1339,1201,550,1036,778,387,1145,1136,3551,1690,3567,3933,1251,2666,3128,2855,2944,3510,3265,1539,3946,3579,974,2800,2162,2965,2843,3440,1325,429,1810,1193,960,1377,1157,1262,713,995,2478,768,3376,1958,1947,2220,2382,1191,2015,2380,1614,2322,2184,2313,1026,1126,695,1058,3647,3760,3847,3315,3588,2226,2609,1208,2596,1765,903,581,1305,1874,831,644,1740,1693
99.22111111,,,,,,,,,,,,,,,,,,,,,,,,,,,,,,,,,,,,,,,,,,,,,,,,,,,,,,,,,,,,,,,,,,,,,,,,,,,,,,,,,,,,,,,,,,,,,,,,,1353,1186,1184,1065,908,1040,646,486,340,444,977,940,1102,1231,560,942,618,388,658,898,945,902,1280,1214,525,1026,792,362,1159,1138,3670,1524,3534,3954,1091,2636,2903,2812,3015,3449,3401,1531,4260,3572,910,2971,2026,2866,2784,3644,1363,360,1680,1279,862,1421,1171,1293,635,969,2388,737,3438,1942,2036,2101,2338,1116,1860,2249,1483,2241,2180,2237,951,1041,677,931,3395,3423,3749,3329,3601,2142,2406,1066,2561,936,549,403,675,1025,496,394,889,1036
101.2211111,,,,,,,,,,,,,,,,,,,,,,,,,,,,,,,,,,,,,,,,,,,,,,,,,,,,,,,,,,,,,,,,,,,,,,,,,,,,,,,,,,,,,,,,,,,,,,,,,1906,1306,1525,1663,1238,1727,1058,842,494,681,988,977,1183,1182,550,889,600,394,662,849,986,910,1329,1187,536,1000,782,424,1128,1047,3679,1395,3485,3770,1097,2548,2767,2645,2981,3322,3658,1700,4427,3682,942,2994,2086,2967,2943,3804,1390,401,1630,1217,841,1371,1187,1285,653,1000,2480,696,3273,1927,1870,2001,2288,1108,1786,2257,1468,2194,2069,2210,912,972,729,969,3162,3055,3707,3461,3583,2036,2291,934,2780,720,527,329,510,779,403,417,713,919
103.2211111,,,,,,,,,,,,,,,,,,,,,,,,,,,,,,,,,,,,,,,,,,,,,,,,,,,,,,,,,,,,,,,,,,,,,,,,,,,,,,,,,,,,,,,,,,,,,,,,,3244,2161,2858,3212,2759,3264,2197,1790,1069,1499,950,987,1248,1190,534,936,632,440,691,851,994,981,1390,1241,519,1114,846,381,969,1038,3714,1509,3538,3882,1093,2662,2774,2644,2967,3466,3610,1952,4750,3901,1078,3205,1926,3061,3375,4178,1462,360,1706,1224,806,1325,1188,1252,703,1150,2532,729,3560,1761,1918,2128,2475,1142,1798,2347,1511,2225,2235,2239,914,988,685,988,3174,3092,3929,3563,3777,2175,2495,973,3011,851,795,523,714,1026,699,617,1009,1091
105.2211111,,,,,,,,,,,,,,,,,,,,,,,,,,,,,,,,,,,,,,,,,,,,,,,,,,,,,,,,,,,,,,,,,,,,,,,,,,,,,,,,,,,,,,,,,,,,,,,,,5295,3707,5061,5223,4666,5033,3558,3037,1974,2513,988,962,1273,1166,504,998,632,390,653,807,955,926,1361,1124,543,1055,854,361,1095,1096,3739,1282,3521,3764,1017,2739,2688,2430,2926,3292,3625,1858,4478,3935,951,3106,2141,2923,3358,3987,1353,375,1655,1149,757,1320,1156,1323,609,1121,2367,695,3324,1987,2060,2007,2305,1126,1739,2188,1374,2144,2095,2072,851,935,625,1005,2981,2763,3817,3366,3495,2045,2201,893,3093,1658,1657,959,1230,1882,1225,1245,2059,2116
107.2211111,,,,,,,,,,,,,,,,,,,,,,,,,,,,,,,,,,,,,,,,,,,,,,,,,,,,,,,,,,,,,,,,,,,,,,,,,,,,,,,,,,,,,,,,,,,,,,,,,7058,5441,6954,6989,6244,6862,4606,3971,3027,3725,998,927,1276,1162,530,930,638,378,616,766,983,861,1396,1153,460,1064,846,368,1151,1093,3602,1316,3500,3771,1004,2756,2674,2418,2725,3255,3574,1808,4322,3845,1005,3333,2104,3077,3265,3721,1377,356,1628,1245,816,1403,1172,1391,636,1241,2417,678,3448,1981,1922,1988,2251,1056,1675,2242,1328,2207,2116,2187,825,924,646,988,3141,2893,3724,3310,3235,2060,2200,882,3199,3341,2923,1729,2447,3769,2344,2136,4565,4211
109.2211111,,,,,,,,,,,,,,,,,,,,,,,,,,,,,,,,,,,,,,,,,,,,,,,,,,,,,,,,,,,,,,,,,,,,,,,,,,,,,,,,,,,,,,,,,,,,,,,,,7924,6152,7783,7575,6734,7304,4633,4216,3482,4183,1001,986,1289,1183,530,914,676,379,602,782,985,903,1419,1207,508,1069,747,386,1141,1065,3637,1262,3394,3743,952,2753,2504,2329,2788,3231,3476,1791,4094,3816,1029,3296,2124,2997,3190,3572,1403,338,1639,1226,718,1377,1119,1343,662,1441,2488,669,3415,2002,1944,2076,2335,1101,1700,2256,1217,2173,1987,2170,763,866,604,954,3142,3014,3778,3254,3327,1996,2197,903,3350,5733,4406,2459,3933,6118,3302,2916,7388,6624
111.2211111,,,,,,,,,,,,,,,,,,,,,,,,,,,,,,,,,,,,,,,,,,,,,,,,,,,,,,,,,,,,,,,,,,,,,,,,,,,,,,,,,,,,,,,,,,,,,,,,,7927,6269,7975,7548,6578,7296,4726,4193,3733,4306,971,961,1260,1248,546,910,714,379,617,812,1061,898,1441,1180,477,1129,787,379,1171,1186,3756,1288,3527,3748,917,2697,2488,2309,2862,3265,3295,1764,3827,3639,1000,3239,2146,3035,3023,3354,1438,307,1636,1191,792,1409,1157,1326,644,1339,2422,686,3353,1933,2039,2034,2285,1034,1716,2240,1309,2145,2103,2259,799,841,603,988,3195,3078,3860,3093,3288,1998,2135,1027,3468,7452,5497,2915,4731,7738,3883,3436,9362,8192
113.2211111,,,,,,,,,,,,,,,,,,,,,,,,,,,,,,,,,,,,,,,,,,,,,,,,,,,,,,,,,,,,,,,,,,,,,,,,,,,,,,,,,,,,,,,,,,,,,,,,,7234,5859,7456,6988,6136,6685,4407,3742,3596,4212,1061,968,1312,1145,541,1033,724,372,692,801,1036,935,1483,1181,503,1155,744,405,1160,1106,3755,1243,3547,3834,953,2730,2483,2247,2821,3341,3272,1693,3860,3517,991,3224,2084,3030,2771,3262,1454,361,1696,1159,720,1341,1247,1377,635,1309,2497,683,3502,2132,2057,1973,2287,1042,1645,2291,1194,2040,2124,2213,794,914,665,1018,3403,3247,3914,3187,3235,2140,2286,967,3580,8272,5843,2877,4976,8074,4066,3341,9893,8769
115.2211111,,,,,,,,,,,,,,,,,,,,,,,,,,,,,,,,,,,,,,,,,,,,,,,,,,,,,,,,,,,,,,,,,,,,,,,,,,,,,,,,,,,,,,,,,,,,,,,,,6280,5020,6311,5821,4993,5616,3562,3060,3092,3579,981,966,1334,1184,578,989,720,387,615,820,1081,898,1437,1216,528,1155,746,408,1120,1182,3739,1247,3515,3764,825,2829,2455,2221,2837,3326,3102,1566,3812,3444,951,3149,2036,2939,2562,3323,1462,380,1691,1133,777,1493,1248,1350,660,1333,2549,749,3406,2018,2027,1958,2224,1033,1655,2203,1254,2057,2037,2206,729,935,573,1057,3281,3283,3814,3130,3277,2002,2076,1010,3428,7681,5629,2640,4255,7018,3713,2996,8964,8180
117.2211111,,,,,,,,,,,,,,,,,,,,,,,,,,,,,,,,,,,,,,,,,,,,,,,,,,,,,,,,,,,,,,,,,,,,,,,,,,,,,,,,,,,,,,,,,,,,,,,,,4418,3937,4774,3995,3541,3657,2449,2044,2265,2436,1094,1024,1329,1256,539,1025,751,364,619,789,1037,871,1473,1156,546,1111,757,413,1152,1145,3712,1207,3510,3893,966,2708,2434,2129,2733,3304,3134,1445,3808,3291,1009,3086,1953,2745,2509,3273,1467,343,1782,1132,702,1375,1088,1340,693,1361,2388,717,3427,1961,2057,2008,2277,1040,1586,2157,1166,2035,2047,2195,740,852,532,1047,3445,3420,3907,3225,3293,1882,2059,1026,3393,6669,4934,2159,3483,6070,3164,2291,7294,6902
119.2211111,,,,,,,,,,,,,,,,,,,,,,,,,,,,,,,,,,,,,,,,,,,,,,,,,,,,,,,,,,,,,,,,,,,,,,,,,,,,,,,,,,,,,,,,,,,,,,,,,2642,2608,2890,2322,2097,2275,1427,1137,1251,1389,1001,992,1326,1240,561,1036,813,395,626,711,1086,887,1475,1172,504,1172,729,409,1067,1034,3668,1135,3596,3791,937,2838,2361,2017,2907,3301,3354,1457,3822,3239,1028,3164,1897,2800,2562,3433,1487,378,1687,1189,727,1419,1088,1370,720,1434,2486,782,3390,1890,2012,1993,2241,1057,1615,2111,1101,2043,2038,2093,740,874,535,1071,3211,3221,3850,3370,3290,1952,1967,1056,3180,4565,3403,1429,2339,4170,2096,1596,4739,5077
121.2211111,,,,,,,,,,,,,,,,,,,,,,,,,,,,,,,,,,,,,,,,,,,,,,,,,,,,,,,,,,,,,,,,,,,,,,,,,,,,,,,,,,,,,,,,,,,,,,,,,1773,1616,1789,1334,1199,1414,788,602,744,891,1069,987,1277,1158,585,974,782,361,587,664,1053,901,1464,1107,464,1099,775,419,1111,1088,3687,1156,3538,3671,795,2771,2169,2021,2725,3120,3355,1435,3937,3196,923,3140,1887,2736,2381,3327,1488,318,1674,1080,699,1380,1058,1336,614,1344,2399,713,3291,1982,2026,1843,2196,914,1523,2101,1111,1874,1936,2040,722,840,521,1111,3206,3133,3750,3178,3064,1826,1798,1038,2988,2710,2040,865,1338,2538,1291,843,2523,2949
123.2211111,,,,,,,,,,,,,,,,,,,,,,,,,,,,,,,,,,,,,,,,,,,,,,,,,,,,,,,,,,,,,,,,,,,,,,,,,,,,,,,,,,,,,,,,,,,,,,,,,1486,1215,1220,1082,945,1111,690,495,606,735,1077,971,1350,1178,575,1028,767,359,554,663,1068,860,1462,1212,446,1107,712,462,1171,1094,3621,1129,3330,3689,861,2810,2038,1881,2644,3089,3401,1466,4049,3127,987,3205,1888,2709,2440,3379,1494,353,1674,1085,722,1441,1071,1323,721,1332,2473,758,3126,1849,1956,1870,2026,943,1518,2037,1037,1777,1981,2074,739,911,479,1091,3196,2940,3793,3220,2948,1696,1808,1053,2895,1562,1290,494,743,1508,853,568,1295,1778
125.2211111,,,,,,,,,,,,,,,,,,,,,,,,,,,,,,,,,,,,,,,,,,,,,,,,,,,,,,,,,,,,,,,,,,,,,,,,,,,,,,,,,,,,,,,,,,,,,,,,,1699,1232,1424,1441,1050,1447,958,670,713,942,1059,965,1372,1149,553,945,826,307,554,628,1051,803,1466,1147,489,1063,664,449,1104,1097,3586,1068,3322,3478,774,2718,2032,1845,2505,3064,3301,1407,4024,3163,1043,3299,1842,2663,2536,3426,1414,328,1611,1026,689,1346,1054,1375,626,1333,2378,766,3159,1846,1878,1852,2076,908,1530,1957,975,1833,1863,1963,651,840,409,1110,2961,2808,3673,3122,2965,1681,1542,1049,2795,1025,874,356,499,1043,640,411,760,1127
127.2211111,,,,,,,,,,,,,,,,,,,,,,,,,,,,,,,,,,,,,,,,,,,,,,,,,,,,,,,,,,,,,,,,,,,,,,,,,,,,,,,,,,,,,,,,,,,,,,,,,3005,1803,2229,2674,1838,2772,1637,1233,1292,1678,1058,934,1280,1080,564,1039,916,361,528,657,1114,851,1492,1166,458,1143,612,463,1112,1049,3415,1104,3383,3436,814,2845,1904,1749,2501,3209,3448,1437,4136,3109,1019,3358,1777,2741,2638,3273,1471,337,1578,990,675,1419,1043,1342,691,1290,2374,700,3109,1905,1837,1755,2122,884,1507,1955,997,1761,1747,2042,719,918,491,1188,2888,2689,3704,3072,2889,1603,1556,1065,2755,796,914,387,454,981,651,423,678,970
129.2211111,,,,,,,,,,,,,,,,,,,,,,,,,,,,,,,,,,,,,,,,,,,,,,,,,,,,,,,,,,,,,,,,,,,,,,,,,,,,,,,,,,,,,,,,,,,,,,,,,4639,2769,3690,4442,3184,4531,2718,2039,2140,2919,1082,997,1349,1129,601,1076,905,369,533,680,1063,861,1440,1183,460,1131,636,520,1085,1086,3572,1042,3292,3466,790,2802,1831,1664,2525,3044,3342,1408,4081,3197,1169,3307,1802,2594,2692,3429,1432,324,1649,1021,690,1416,1048,1369,637,1362,2297,757,3048,1817,1829,1785,2099,941,1659,1981,870,1720,1891,1999,672,961,501,1319,2891,2555,3644,2942,2847,1481,1513,1189,2821,1026,1481,642,612,1323,1135,698,1067,1300
131.2211111,,,,,,,,,,,,,,,,,,,,,,,,,,,,,,,,,,,,,,,,,,,,,,,,,,,,,,,,,,,,,,,,,,,,,,,,,,,,,,,,,,,,,,,,,,,,,,,,,6241,3909,5252,5891,4368,6246,3893,2674,2957,3825,1110,1012,1330,1145,623,1069,962,405,565,680,1131,851,1460,1149,471,1151,713,521,1107,1048,3590,1137,3302,3579,803,2823,1790,1676,2620,3103,3365,1484,4125,3229,1184,3247,1868,2726,2706,3359,1529,338,1689,980,652,1450,1060,1283,736,1282,2348,841,3124,1778,1932,1793,2073,950,1582,1908,886,1778,1914,1913,715,945,446,1313,2860,2660,3628,3153,2830,1514,1466,1212,2802,1947,2881,1157,1115,2372,2522,1225,2094,2606
133.2211111,,,,,,,,,,,,,,,,,,,,,,,,,,,,,,,,,,,,,,,,,,,,,,,,,,,,,,,,,,,,,,,,,,,,,,,,,,,,,,,,,,,,,,,,,,,,,,,,,7054,4385,6130,7017,4850,7072,4425,3061,3272,4268,1034,973,1357,1221,642,1036,955,372,580,632,1055,859,1384,1185,515,1154,654,549,1086,1023,3599,1261,3465,3437,758,2767,1832,1634,2506,3020,3375,1404,3723,3225,1275,3266,1766,2632,2680,3262,1471,328,1612,939,638,1442,1071,1367,698,1329,2415,941,3080,1805,1914,1885,2013,923,1728,1988,916,1731,1838,2000,747,1097,472,1310,2883,2686,3666,3147,2856,1462,1464,1173,2749,3712,4869,1879,1853,4046,3822,1886,4055,4616
135.2211111,,,,,,,,,,,,,,,,,,,,,,,,,,,,,,,,,,,,,,,,,,,,,,,,,,,,,,,,,,,,,,,,,,,,,,,,,,,,,,,,,,,,,,,,,,,,,,,,,7248,4410,6198,6717,4897,7313,4588,2899,3278,4094,1028,987,1390,1226,709,1064,973,405,487,664,1094,832,1472,1158,446,1143,719,541,1091,1082,3556,1183,3300,3358,809,2946,1739,1624,2477,3008,3162,1368,3552,3079,1196,3190,1801,2694,2493,3076,1389,372,1628,1040,590,1499,1070,1248,732,1307,2417,874,3024,1794,1882,1833,2157,886,1652,1833,873,1677,1835,1914,823,1186,480,1360,2802,2531,3626,3082,2813,1442,1326,1256,2736,5515,6166,2495,2531,5442,4698,2414,5537,6381
137.2211111,,,,,,,,,,,,,,,,,,,,,,,,,,,,,,,,,,,,,,,,,,,,,,,,,,,,,,,,,,,,,,,,,,,,,,,,,,,,,,,,,,,,,,,,,,,,,,,,,6996,4444,5963,6501,4688,6923,4334,2733,3077,3858,1136,1007,1384,1247,710,1066,947,400,538,640,1080,877,1431,1254,496,1153,650,564,1051,1074,3549,1247,3493,3404,828,2852,1669,1595,2565,3055,3205,1347,3623,3034,1193,3176,1857,2626,2387,3136,1524,401,1635,1001,616,1534,1043,1288,783,1275,2442,949,2925,1813,1971,1817,2124,931,1811,1857,887,1657,1752,2023,766,1286,445,1456,3051,2690,3461,3153,2855,1475,1395,1226,2714,6418,6773,2727,2762,6025,5287,2861,6702,7745
139.2211111,,,,,,,,,,,,,,,,,,,,,,,,,,,,,,,,,,,,,,,,,,,,,,,,,,,,,,,,,,,,,,,,,,,,,,,,,,,,,,,,,,,,,,,,,,,,,,,,,6045,3925,5371,5699,3995,6019,3963,2459,2585,3368,1146,970,1366,1210,837,1066,862,408,504,676,1097,838,1439,1235,506,1162,707,513,1094,1050,3532,1313,3207,3383,866,2805,1718,1531,2476,3071,3138,1287,3630,2979,1167,3008,1770,2622,2377,3085,1463,341,1569,1014,613,1466,1007,1383,768,1358,2501,893,3236,1915,1903,1778,1993,872,2028,1984,828,1723,1836,1864,833,1373,463,1380,2896,2717,3518,3190,2772,1430,1342,1181,2639,6582,6627,2822,2612,5818,5093,2764,6661,7917
141.2211111,,,,,,,,,,,,,,,,,,,,,,,,,,,,,,,,,,,,,,,,,,,,,,,,,,,,,,,,,,,,,,,,,,,,,,,,,,,,,,,,,,,,,,,,,,,,,,,,,4726,3245,4156,4067,3030,4419,3042,1640,1887,2321,1118,1057,1391,1193,799,973,865,376,481,607,1174,874,1419,1170,460,1124,666,541,1097,978,3556,1327,3173,3316,809,2701,1616,1422,2386,3033,3272,1262,3550,2804,1137,3153,1722,2528,2340,3014,1419,346,1615,909,533,1467,1095,1268,742,1391,2354,901,2859,1831,1901,1720,2000,854,2059,1749,812,1662,1749,1908,856,1292,409,1355,2928,2578,3474,3035,2579,1393,1257,1163,2530,5906,5805,2450,2353,5264,4248,2403,5697,7163
143.2211111,,,,,,,,,,,,,,,,,,,,,,,,,,,,,,,,,,,,,,,,,,,,,,,,,,,,,,,,,,,,,,,,,,,,,,,,,,,,,,,,,,,,,,,,,,,,,,,,,3169,2236,2882,2576,1915,2795,1912,1016,1216,1483,1095,900,1318,1222,778,1037,900,389,516,584,1106,801,1369,1147,448,1147,624,521,817,972,3340,1322,3137,3157,737,2825,1529,1372,2280,2787,3046,1224,3602,2757,1165,3130,1416,2349,2383,2999,1426,339,1509,946,503,1426,1005,1235,917,1257,2354,891,2856,1518,1687,1705,2008,883,2187,1717,757,1546,1610,1638,967,1226,467,1310,2459,2323,3530,2973,2597,1302,1200,1159,2525,5030,4492,1919,1748,4097,3397,1848,4265,6228
145.2211111,,,,,,,,,,,,,,,,,,,,,,,,,,,,,,,,,,,,,,,,,,,,,,,,,,,,,,,,,,,,,,,,,,,,,,,,,,,,,,,,,,,,,,,,,,,,,,,,,2005,1558,1789,1499,1191,1737,1362,656,636,882,1045,914,1312,1085,737,995,811,370,450,517,1080,776,1363,1052,425,1048,591,496,1040,1037,3283,1343,2959,3027,734,2738,1427,1261,2174,2701,3032,1109,3592,2591,1051,3076,1539,2287,2117,2813,1414,327,1413,926,567,1354,979,1159,750,1206,2222,842,2733,1705,1745,1631,1805,747,2135,1695,711,1535,1542,1750,937,1148,410,1281,2634,2338,3445,2820,2459,1206,1072,1079,2430,3268,2755,1213,1183,2847,2119,1173,2677,4093
147.2211111,,,,,,,,,,,,,,,,,,,,,,,,,,,,,,,,,,,,,,,,,,,,,,,,,,,,,,,,,,,,,,,,,,,,,,,,,,,,,,,,,,,,,,,,,,,,,,,,,1490,1166,1264,1177,864,1207,980,470,505,643,956,886,1286,1127,723,994,758,366,406,446,1013,726,1346,1054,438,1129,537,452,974,963,3181,1440,2859,2991,709,2630,1315,1160,2122,2679,3121,1065,3552,2398,1037,3094,1514,2341,2061,2854,1358,357,1428,832,440,1291,944,1114,799,1178,2317,771,2734,1662,1751,1608,1844,763,2005,1570,679,1401,1451,1659,984,1224,409,1173,2514,2154,3246,2764,2401,1074,1131,1035,2350,2055,1735,776,697,1798,1301,743,1451,2473
149.2211111,,,,,,,,,,,,,,,,,,,,,,,,,,,,,,,,,,,,,,,,,,,,,,,,,,,,,,,,,,,,,,,,,,,,,,,,,,,,,,,,,,,,,,,,,,,,,,,,,1672,1088,1229,1289,885,1291,1106,539,575,655,1094,862,1237,1066,648,1058,793,356,412,490,1035,735,1269,1085,423,1094,545,414,1026,955,3190,1431,2896,2986,681,2656,1313,1105,2051,2698,3062,1026,3584,2386,1003,3305,1508,2161,2079,2834,1355,320,1382,757,451,1331,957,1141,764,1160,2175,795,2596,1784,1733,1575,1715,706,1949,1619,610,1355,1493,1560,951,1097,407,1147,2524,2236,3228,2779,2257,1121,1018,923,2231,1272,1095,473,427,1189,878,532,880,1612
151.2211111,,,,,,,,,,,,,,,,,,,,,,,,,,,,,,,,,,,,,,,,,,,,,,,,,,,,,,,,,,,,,,,,,,,,,,,,,,,,,,,,,,,,,,,,,,,,,,,,,2344,1323,1585,2072,1417,2226,1781,933,831,1112,1106,821,1201,1089,716,1005,719,359,400,456,1037,739,1331,1060,439,1089,524,405,906,896,3092,1507,2839,2888,716,2611,1181,1128,2085,2738,3055,1090,3654,2543,939,3239,1412,2135,2029,2851,1359,338,1410,740,440,1327,927,1084,823,1155,2148,745,2521,1529,1649,1583,1748,753,1933,1620,660,1354,1459,1456,1002,1117,393,1151,2377,2076,3315,2778,2268,1059,1073,921,2257,872,903,476,335,868,731,415,676,1141
153.2211111,,,,,,,,,,,,,,,,,,,,,,,,,,,,,,,,,,,,,,,,,,,,,,,,,,,,,,,,,,,,,,,,,,,,,,,,,,,,,,,,,,,,,,,,,,,,,,,,,3688,2058,2595,3354,2210,3576,2799,1335,1311,1734,1054,820,1178,1062,689,1042,700,338,365,455,1088,728,1328,1014,367,1062,498,356,952,903,3132,1388,2846,2957,683,2648,1107,1023,1935,2640,3110,998,3515,2281,956,3277,1517,2184,2070,2671,1350,304,1415,739,414,1363,893,1055,759,1193,2157,754,2570,1590,1595,1499,1741,689,1906,1538,614,1277,1531,1538,1008,1194,414,1174,2459,2118,2975,2611,2159,993,1027,963,2151,854,981,514,330,899,820,563,582,1058
155.2211111,,,,,,,,,,,,,,,,,,,,,,,,,,,,,,,,,,,,,,,,,,,,,,,,,,,,,,,,,,,,,,,,,,,,,,,,,,,,,,,,,,,,,,,,,,,,,,,,,5102,2617,3508,4363,2948,5080,3659,1726,1760,2319,1084,850,1259,1108,623,991,690,326,330,445,1055,752,1414,1046,429,1103,550,395,955,988,3119,1453,2876,2866,714,2705,1156,1071,1945,2599,2974,972,3282,2380,983,3329,1468,2174,2057,2673,1304,370,1445,733,427,1421,927,1173,783,1165,2211,744,2561,1547,1618,1448,1823,736,1970,1445,578,1247,1420,1452,956,1100,354,1159,2497,2063,3079,2608,2138,982,959,883,2177,1236,1670,918,552,1270,1383,949,942,1491
157.2211111,,,,,,,,,,,,,,,,,,,,,,,,,,,,,,,,,,,,,,,,,,,,,,,,,,,,,,,,,,,,,,,,,,,,,,,,,,,,,,,,,,,,,,,,,,,,,,,,,5682,2969,4128,4877,3262,5972,4173,1984,1922,2516,1037,823,1319,1006,684,966,748,370,366,443,1050,681,1328,1080,390,1031,529,366,932,968,2991,1414,2899,2889,721,2678,1129,1042,1966,2491,2892,964,3344,2312,931,3151,1480,2140,1968,2614,1339,321,1416,748,411,1384,856,1098,771,1166,2108,679,2442,1624,1566,1566,1674,711,1882,1513,586,1232,1399,1504,967,1211,406,1058,2398,2086,3198,2622,2113,959,1062,882,2117,2202,2832,1612,845,2112,2156,1612,1757,2635
159.2211111,,,,,,,,,,,,,,,,,,,,,,,,,,,,,,,,,,,,,,,,,,,,,,,,,,,,,,,,,,,,,,,,,,,,,,,,,,,,,,,,,,,,,,,,,,,,,,,,,5861,2879,4146,5074,3228,6385,4089,2013,1888,2519,1051,792,1225,1071,665,974,739,373,373,457,1104,725,1390,1085,404,1055,494,377,917,858,3087,1421,2727,2809,706,2688,1040,919,1862,2455,2830,913,3112,2299,860,3024,1282,2026,1932,2604,1319,334,1347,719,420,1374,848,1052,767,1122,2113,683,2410,1477,1567,1372,1671,724,1848,1404,574,1247,1386,1400,922,1144,439,1141,2290,1919,3102,2514,2026,963,1116,872,2032,3452,4002,2054,1153,3077,3037,2230,2876,4355
161.2211111,,,,,,,,,,,,,,,,,,,,,,,,,,,,,,,,,,,,,,,,,,,,,,,,,,,,,,,,,,,,,,,,,,,,,,,,,,,,,,,,,,,,,,,,,,,,,,,,,5591,2690,4098,4889,3163,6235,4009,1949,1754,2340,1013,769,1149,1064,660,1019,695,382,316,408,1086,741,1299,1050,420,1052,517,390,781,789,3029,1410,2729,2724,681,2714,1006,907,1756,2325,2780,864,2978,2140,822,2955,1285,1985,1835,2588,1322,347,1426,680,398,1398,870,1062,793,1149,2028,696,2424,1375,1524,1434,1715,657,1875,1394,545,1154,1330,1400,899,1099,430,1096,2130,1803,3045,2547,1981,976,1075,865,1937,4537,4752,2361,1272,3555,3396,2659,3368,5621
163.2211111,,,,,,,,,,,,,,,,,,,,,,,,,,,,,,,,,,,,,,,,,,,,,,,,,,,,,,,,,,,,,,,,,,,,,,,,,,,,,,,,,,,,,,,,,,,,,,,,,5164,2543,3498,4332,2560,5402,3402,1729,1438,2041,1082,794,1237,1025,598,1002,644,343,320,393,1079,694,1274,949,392,1031,465,367,912,922,2876,1339,2676,2589,714,2488,1023,946,1758,2421,2641,847,2869,2021,815,3036,1329,1972,1808,2491,1320,345,1379,620,368,1319,840,1074,730,1075,1962,630,2301,1543,1514,1344,1656,714,1791,1391,497,1117,1231,1383,928,1110,378,1122,2190,1911,2827,2440,1874,996,1202,838,1790,4789,4754,2221,1242,3638,3360,2453,3619,6105
165.2211111,,,,,,,,,,,,,,,,,,,,,,,,,,,,,,,,,,,,,,,,,,,,,,,,,,,,,,,,,,,,,,,,,,,,,,,,,,,,,,,,,,,,,,,,,,,,,,,,,4411,2175,3167,3381,2203,4417,2762,1336,1182,1582,1038,774,1277,1050,626,1005,664,376,344,376,1065,710,1302,986,401,1052,506,341,879,894,2877,1334,2661,2661,715,2603,947,820,1761,2447,2812,828,2824,2031,783,2821,1251,1890,1771,2380,1283,330,1323,660,343,1288,872,1026,672,1085,2090,588,2343,1503,1544,1315,1538,714,1777,1370,468,1145,1308,1320,927,1121,391,1141,2118,1799,2821,2466,1850,1010,1270,752,1697,4879,4422,2009,1165,3635,3171,2319,3369,5987
167.2211111,,,,,,,,,,,,,,,,,,,,,,,,,,,,,,,,,,,,,,,,,,,,,,,,,,,,,,,,,,,,,,,,,,,,,,,,,,,,,,,,,,,,,,,,,,,,,,,,,3179,1839,2335,2400,1529,2995,1997,1020,785,1074,999,798,1184,974,651,1006,711,406,356,387,1055,714,1222,983,429,1115,453,370,892,941,3035,1313,2648,2637,746,2676,940,808,1845,2320,2674,875,2943,1913,827,2950,1372,1895,1790,2423,1266,348,1301,634,383,1328,863,1101,705,1070,2055,604,2298,1498,1457,1400,1684,683,1726,1374,516,1073,1254,1383,866,1194,365,1074,2198,1823,2910,2429,1869,1037,1426,791,1739,4367,3845,1905,1062,3036,2790,1995,2932,5596
169.2211111,,,,,,,,,,,,,,,,,,,,,,,,,,,,,,,,,,,,,,,,,,,,,,,,,,,,,,,,,,,,,,,,,,,,,,,,,,,,,,,,,,,,,,,,,,,,,,,,,2253,1282,1647,1548,1022,2010,1325,758,561,732,1099,846,1217,1009,609,967,711,420,299,384,1075,665,1292,1042,433,1051,443,362,899,911,2878,1372,2750,2632,796,2621,955,783,1775,2430,2705,890,3145,1945,861,3025,1308,1960,1718,2442,1273,336,1325,663,387,1257,845,1003,711,1078,2089,635,2230,1492,1508,1342,1594,734,1747,1325,480,1083,1214,1326,884,1157,446,1039,2277,1754,2881,2378,1824,1177,1390,742,1687,3511,2870,1388,815,2505,2122,1595,2348,4528
171.2211111,,,,,,,,,,,,,,,,,,,,,,,,,,,,,,,,,,,,,,,,,,,,,,,,,,,,,,,,,,,,,,,,,,,,,,,,,,,,,,,,,,,,,,,,,,,,,,,,,1684,1082,1213,1172,722,1362,1023,560,401,585,1059,787,1214,1001,610,994,730,434,329,357,1087,657,1239,1018,468,1085,469,337,886,855,2995,1342,2713,2611,804,2727,883,792,1689,2331,2732,972,3050,1967,791,3205,1297,1925,1761,2444,1323,399,1299,656,355,1260,831,1010,744,1161,1943,624,2208,1547,1393,1321,1559,748,1702,1364,485,1082,1235,1320,939,1077,434,1015,2191,1721,2796,2373,1770,1215,1543,746,1736,2518,2045,987,585,1825,1386,1068,1493,3280
173.2211111,,,,,,,,,,,,,,,,,,,,,,,,,,,,,,,,,,,,,,,,,,,,,,,,,,,,,,,,,,,,,,,,,,,,,,,,,,,,,,,,,,,,,,,,,,,,,,,,,1684,1082,1213,1172,722,1362,1023,560,401,585,1059,787,1214,1001,610,994,730,434,329,357,1087,657,1239,1018,468,1085,469,337,886,855,2995,1342,2713,2611,804,2727,883,792,1689,2331,2732,972,3050,1967,791,3205,1297,1925,1761,2444,1323,399,1299,656,355,1260,831,1010,744,1161,1943,624,2208,1547,1393,1321,1559,748,1702,1364,485,1082,1235,1320,939,1077,434,1015,2191,1721,2796,2373,1770,1215,1543,746,1736,2518,2045,987,585,1825,1386,1068,1493,3280